Taxa,plate_num,DAY,germinated,chillweeks,force,censored
Hesperis matronalis,13,1,1,0,5,0
Hesperis matronalis,13,1,1,0,5,0
Hesperis matronalis,14,1,1,0,5,0
Hesperis matronalis,14,1,1,0,5,0
Hesperis matronalis,15,1,1,0,5,0
Hesperis matronalis,15,1,1,0,5,0
Hesperis matronalis,15,1,1,0,5,0
Hesperis matronalis,16,1,1,0,0,0
Hesperis matronalis,17,1,1,0,0,0
Hesperis matronalis,18,1,1,0,0,0
Hesperis matronalis,13,2,1,0,5,0
Hesperis matronalis,13,2,1,0,5,0
Hesperis matronalis,13,2,1,0,5,0
Hesperis matronalis,13,2,1,0,5,0
Hesperis matronalis,13,2,1,0,5,0
Hesperis matronalis,14,2,1,0,5,0
Hesperis matronalis,14,2,1,0,5,0
Hesperis matronalis,14,2,1,0,5,0
Hesperis matronalis,15,2,1,0,5,0
Hesperis matronalis,15,2,1,0,5,0
Hesperis matronalis,15,2,1,0,5,0
Hesperis matronalis,16,2,1,0,0,0
Hesperis matronalis,16,2,1,0,0,0
Hesperis matronalis,17,2,1,0,0,0
Hesperis matronalis,17,2,1,0,0,0
Hesperis matronalis,18,2,1,0,0,0
Hesperis matronalis,13,3,1,0,5,0
Hesperis matronalis,13,3,1,0,5,0
Hesperis matronalis,13,3,1,0,5,0
Hesperis matronalis,13,3,1,0,5,0
Hesperis matronalis,13,3,1,0,5,0
Hesperis matronalis,13,3,1,0,5,0
Hesperis matronalis,13,3,1,0,5,0
Hesperis matronalis,13,3,1,0,5,0
Hesperis matronalis,13,3,1,0,5,0
Hesperis matronalis,14,3,1,0,5,0
Hesperis matronalis,14,3,1,0,5,0
Hesperis matronalis,14,3,1,0,5,0
Hesperis matronalis,14,3,1,0,5,0
Hesperis matronalis,14,3,1,0,5,0
Hesperis matronalis,14,3,1,0,5,0
Hesperis matronalis,14,3,1,0,5,0
Hesperis matronalis,14,3,1,0,5,0
Hesperis matronalis,14,3,1,0,5,0
Hesperis matronalis,15,3,1,0,5,0
Hesperis matronalis,15,3,1,0,5,0
Hesperis matronalis,15,3,1,0,5,0
Hesperis matronalis,15,3,1,0,5,0
Hesperis matronalis,15,3,1,0,5,0
Hesperis matronalis,16,3,1,0,0,0
Hesperis matronalis,16,3,1,0,0,0
Hesperis matronalis,16,3,1,0,0,0
Hesperis matronalis,17,3,1,0,0,0
Hesperis matronalis,17,3,1,0,0,0
Hesperis matronalis,17,3,1,0,0,0
Hesperis matronalis,17,3,1,0,0,0
Hesperis matronalis,18,3,1,0,0,0
Hesperis matronalis,18,3,1,0,0,0
Hesperis matronalis,18,3,1,0,0,0
Hesperis matronalis,18,3,1,0,0,0
Hesperis matronalis,18,3,1,0,0,0
Hesperis matronalis,18,3,1,0,0,0
Hesperis matronalis,18,3,1,0,0,0
Hesperis matronalis,18,3,1,0,0,0
Hesperis matronalis,18,3,1,0,0,0
Hesperis matronalis,16,4,1,0,0,0
Hesperis matronalis,16,4,1,0,0,0
Hesperis matronalis,16,4,1,0,0,0
Hesperis matronalis,16,4,1,0,0,0
Hesperis matronalis,17,4,1,0,0,0
Hesperis matronalis,17,4,1,0,0,0
Hesperis matronalis,17,4,1,0,0,0
Hesperis matronalis,17,4,1,0,0,0
Hesperis matronalis,17,4,1,0,0,0
Hesperis matronalis,15,7,1,0,5,0
Hesperis matronalis,15,7,1,0,5,0
Hesperis matronalis,15,7,1,0,5,0
Hesperis matronalis,15,7,1,0,5,0
Hesperis matronalis,16,7,1,0,0,0
Hesperis matronalis,16,7,1,0,0,0
Hesperis matronalis,17,7,1,0,0,0
Hesperis matronalis,17,7,1,0,0,0
Hesperis matronalis,17,7,1,0,0,0
Hesperis matronalis,18,7,1,0,0,0
Hesperis matronalis,18,7,1,0,0,0
Hesperis matronalis,18,7,1,0,0,0
Hesperis matronalis,15,9,1,0,5,0
Hesperis matronalis,18,9,1,0,0,0
Cryptotaenia canadensis,9,11,1,0,5,0
Hesperis matronalis,14,11,1,0,5,0
Hesperis matronalis,17,13,1,0,0,0
Cryptotaenia canadensis,9,16,1,0,5,0
Cryptotaenia canadensis,9,16,1,0,5,0
Hesperis matronalis,18,16,1,0,0,0
Cryptotaenia canadensis,9,18,1,0,5,0
Hesperis matronalis,17,20,1,0,0,0
Hesperis matronalis,301,2,1,2,0,0
Hesperis matronalis,301,2,1,2,0,0
Hesperis matronalis,301,2,1,2,0,0
Hesperis matronalis,301,2,1,2,0,0
Hesperis matronalis,301,2,1,2,0,0
Hesperis matronalis,301,2,1,2,0,0
Hesperis matronalis,301,2,1,2,0,0
Hesperis matronalis,301,2,1,2,0,0
Hesperis matronalis,301,2,1,2,0,0
Hesperis matronalis,302,2,1,2,0,0
Hesperis matronalis,302,2,1,2,0,0
Hesperis matronalis,302,2,1,2,0,0
Hesperis matronalis,302,2,1,2,0,0
Hesperis matronalis,302,2,1,2,0,0
Hesperis matronalis,302,2,1,2,0,0
Hesperis matronalis,302,2,1,2,0,0
Hesperis matronalis,302,2,1,2,0,0
Hesperis matronalis,302,2,1,2,0,0
Hesperis matronalis,302,2,1,2,0,0
Hesperis matronalis,302,2,1,2,0,0
Hesperis matronalis,302,2,1,2,0,0
Hesperis matronalis,302,2,1,2,0,0
Hesperis matronalis,302,2,1,2,0,0
Hesperis matronalis,302,2,1,2,0,0
Hesperis matronalis,302,2,1,2,0,0
Hesperis matronalis,303,2,1,2,0,0
Hesperis matronalis,303,2,1,2,0,0
Hesperis matronalis,303,2,1,2,0,0
Hesperis matronalis,303,2,1,2,0,0
Hesperis matronalis,303,2,1,2,0,0
Hesperis matronalis,303,2,1,2,0,0
Hesperis matronalis,303,2,1,2,0,0
Hesperis matronalis,303,2,1,2,0,0
Hesperis matronalis,303,2,1,2,0,0
Hesperis matronalis,303,2,1,2,0,0
Hesperis matronalis,303,2,1,2,0,0
Hesperis matronalis,303,2,1,2,0,0
Hesperis matronalis,303,2,1,2,0,0
Hesperis matronalis,303,2,1,2,0,0
Hesperis matronalis,304,2,1,2,5,0
Hesperis matronalis,304,2,1,2,5,0
Hesperis matronalis,304,2,1,2,5,0
Hesperis matronalis,304,2,1,2,5,0
Hesperis matronalis,304,2,1,2,5,0
Hesperis matronalis,304,2,1,2,5,0
Hesperis matronalis,304,2,1,2,5,0
Hesperis matronalis,304,2,1,2,5,0
Hesperis matronalis,304,2,1,2,5,0
Hesperis matronalis,304,2,1,2,5,0
Hesperis matronalis,304,2,1,2,5,0
Hesperis matronalis,304,2,1,2,5,0
Hesperis matronalis,304,2,1,2,5,0
Hesperis matronalis,304,2,1,2,5,0
Hesperis matronalis,304,2,1,2,5,0
Hesperis matronalis,305,2,1,2,5,0
Hesperis matronalis,305,2,1,2,5,0
Hesperis matronalis,305,2,1,2,5,0
Hesperis matronalis,305,2,1,2,5,0
Hesperis matronalis,305,2,1,2,5,0
Hesperis matronalis,305,2,1,2,5,0
Hesperis matronalis,305,2,1,2,5,0
Hesperis matronalis,305,2,1,2,5,0
Hesperis matronalis,305,2,1,2,5,0
Hesperis matronalis,305,2,1,2,5,0
Hesperis matronalis,305,2,1,2,5,0
Hesperis matronalis,305,2,1,2,5,0
Hesperis matronalis,305,2,1,2,5,0
Hesperis matronalis,305,2,1,2,5,0
Hesperis matronalis,305,2,1,2,5,0
Hesperis matronalis,305,2,1,2,5,0
Hesperis matronalis,305,2,1,2,5,0
Hesperis matronalis,305,2,1,2,5,0
Hesperis matronalis,306,2,1,2,5,0
Hesperis matronalis,306,2,1,2,5,0
Hesperis matronalis,306,2,1,2,5,0
Hesperis matronalis,306,2,1,2,5,0
Hesperis matronalis,306,2,1,2,5,0
Hesperis matronalis,306,2,1,2,5,0
Hesperis matronalis,306,2,1,2,5,0
Hesperis matronalis,306,2,1,2,5,0
Hesperis matronalis,306,2,1,2,5,0
Hesperis matronalis,306,2,1,2,5,0
Hesperis matronalis,306,2,1,2,5,0
Hesperis matronalis,306,2,1,2,5,0
Hesperis matronalis,306,2,1,2,5,0
Hesperis matronalis,306,2,1,2,5,0
Hesperis matronalis,306,2,1,2,5,0
Hesperis matronalis,306,2,1,2,5,0
Hesperis matronalis,306,2,1,2,5,0
Hesperis matronalis,306,2,1,2,5,0
Hesperis matronalis,301,4,1,2,0,0
Hesperis matronalis,301,4,1,2,0,0
Hesperis matronalis,301,4,1,2,0,0
Hesperis matronalis,301,4,1,2,0,0
Hesperis matronalis,301,4,1,2,0,0
Hesperis matronalis,302,4,1,2,0,0
Hesperis matronalis,302,4,1,2,0,0
Hesperis matronalis,302,4,1,2,0,0
Hesperis matronalis,303,4,1,2,0,0
Hesperis matronalis,304,4,1,2,5,0
Hesperis matronalis,304,4,1,2,5,0
Hesperis matronalis,304,4,1,2,5,0
Hesperis matronalis,304,4,1,2,5,0
Hesperis matronalis,304,4,1,2,5,0
Hesperis matronalis,305,4,1,2,5,0
Hesperis matronalis,305,4,1,2,5,0
Hesperis matronalis,306,4,1,2,5,0
Hesperis matronalis,306,4,1,2,5,0
Cryptotaenia canadensis,183,8,1,2,0,0
Cryptotaenia canadensis,183,8,1,2,0,0
Cryptotaenia canadensis,183,8,1,2,0,0
Cryptotaenia canadensis,185,8,1,2,5,0
Cryptotaenia canadensis,181,10,1,2,0,0
Cryptotaenia canadensis,181,10,1,2,0,0
Cryptotaenia canadensis,181,10,1,2,0,0
Cryptotaenia canadensis,181,10,1,2,0,0
Cryptotaenia canadensis,183,10,1,2,0,0
Cryptotaenia canadensis,183,10,1,2,0,0
Cryptotaenia canadensis,186,10,1,2,5,0
Cryptotaenia canadensis,183,11,1,2,0,0
Hesperis matronalis,301,11,1,2,0,0
Cryptotaenia canadensis,183,13,1,2,0,0
Cryptotaenia canadensis,183,16,1,2,0,0
Hesperis matronalis,307,2,1,4,0,0
Hesperis matronalis,307,2,1,4,0,0
Hesperis matronalis,307,2,1,4,0,0
Hesperis matronalis,307,2,1,4,0,0
Hesperis matronalis,307,2,1,4,0,0
Hesperis matronalis,307,2,1,4,0,0
Hesperis matronalis,307,2,1,4,0,0
Hesperis matronalis,307,2,1,4,0,0
Hesperis matronalis,307,2,1,4,0,0
Hesperis matronalis,307,2,1,4,0,0
Hesperis matronalis,307,2,1,4,0,0
Hesperis matronalis,308,2,1,4,0,0
Hesperis matronalis,308,2,1,4,0,0
Hesperis matronalis,308,2,1,4,0,0
Hesperis matronalis,308,2,1,4,0,0
Hesperis matronalis,308,2,1,4,0,0
Hesperis matronalis,308,2,1,4,0,0
Hesperis matronalis,308,2,1,4,0,0
Hesperis matronalis,309,2,1,4,0,0
Hesperis matronalis,309,2,1,4,0,0
Hesperis matronalis,309,2,1,4,0,0
Hesperis matronalis,309,2,1,4,0,0
Hesperis matronalis,309,2,1,4,0,0
Hesperis matronalis,309,2,1,4,0,0
Hesperis matronalis,309,2,1,4,0,0
Hesperis matronalis,309,2,1,4,0,0
Hesperis matronalis,309,2,1,4,0,0
Hesperis matronalis,309,2,1,4,0,0
Hesperis matronalis,310,2,1,4,5,0
Hesperis matronalis,310,2,1,4,5,0
Hesperis matronalis,310,2,1,4,5,0
Hesperis matronalis,310,2,1,4,5,0
Hesperis matronalis,310,2,1,4,5,0
Hesperis matronalis,310,2,1,4,5,0
Hesperis matronalis,310,2,1,4,5,0
Hesperis matronalis,310,2,1,4,5,0
Hesperis matronalis,310,2,1,4,5,0
Hesperis matronalis,310,2,1,4,5,0
Hesperis matronalis,310,2,1,4,5,0
Hesperis matronalis,310,2,1,4,5,0
Hesperis matronalis,310,2,1,4,5,0
Hesperis matronalis,310,2,1,4,5,0
Hesperis matronalis,310,2,1,4,5,0
Hesperis matronalis,310,2,1,4,5,0
Hesperis matronalis,310,2,1,4,5,0
Hesperis matronalis,311,2,1,4,5,0
Hesperis matronalis,311,2,1,4,5,0
Hesperis matronalis,311,2,1,4,5,0
Hesperis matronalis,311,2,1,4,5,0
Hesperis matronalis,311,2,1,4,5,0
Hesperis matronalis,311,2,1,4,5,0
Hesperis matronalis,311,2,1,4,5,0
Hesperis matronalis,311,2,1,4,5,0
Hesperis matronalis,311,2,1,4,5,0
Hesperis matronalis,311,2,1,4,5,0
Hesperis matronalis,311,2,1,4,5,0
Hesperis matronalis,311,2,1,4,5,0
Hesperis matronalis,311,2,1,4,5,0
Hesperis matronalis,311,2,1,4,5,0
Hesperis matronalis,311,2,1,4,5,0
Hesperis matronalis,311,2,1,4,5,0
Hesperis matronalis,311,2,1,4,5,0
Hesperis matronalis,312,2,1,4,5,0
Hesperis matronalis,312,2,1,4,5,0
Hesperis matronalis,312,2,1,4,5,0
Hesperis matronalis,312,2,1,4,5,0
Hesperis matronalis,312,2,1,4,5,0
Hesperis matronalis,312,2,1,4,5,0
Hesperis matronalis,312,2,1,4,5,0
Hesperis matronalis,312,2,1,4,5,0
Hesperis matronalis,312,2,1,4,5,0
Hesperis matronalis,312,2,1,4,5,0
Hesperis matronalis,312,2,1,4,5,0
Hesperis matronalis,312,2,1,4,5,0
Hesperis matronalis,312,2,1,4,5,0
Hesperis matronalis,312,2,1,4,5,0
Hesperis matronalis,312,2,1,4,5,0
Hesperis matronalis,312,2,1,4,5,0
Hesperis matronalis,312,2,1,4,5,0
Hesperis matronalis,312,2,1,4,5,0
Hesperis matronalis,312,2,1,4,5,0
Hesperis matronalis,307,4,1,4,0,0
Hesperis matronalis,307,4,1,4,0,0
Hesperis matronalis,307,4,1,4,0,0
Hesperis matronalis,307,4,1,4,0,0
Hesperis matronalis,307,4,1,4,0,0
Hesperis matronalis,307,4,1,4,0,0
Hesperis matronalis,308,4,1,4,0,0
Hesperis matronalis,308,4,1,4,0,0
Hesperis matronalis,308,4,1,4,0,0
Hesperis matronalis,308,4,1,4,0,0
Hesperis matronalis,308,4,1,4,0,0
Hesperis matronalis,308,4,1,4,0,0
Hesperis matronalis,308,4,1,4,0,0
Hesperis matronalis,309,4,1,4,0,0
Hesperis matronalis,309,4,1,4,0,0
Hesperis matronalis,309,4,1,4,0,0
Hesperis matronalis,310,4,1,4,5,0
Hesperis matronalis,311,4,1,4,5,0
Hesperis matronalis,312,4,1,4,5,0
Cryptotaenia canadensis,189,6,1,4,0,0
Cryptotaenia canadensis,189,6,1,4,0,0
Cryptotaenia canadensis,190,6,1,4,5,0
Cryptotaenia canadensis,190,6,1,4,5,0
Cryptotaenia canadensis,190,6,1,4,5,0
Cryptotaenia canadensis,191,6,1,4,5,0
Cryptotaenia canadensis,191,6,1,4,5,0
Cryptotaenia canadensis,191,6,1,4,5,0
Cryptotaenia canadensis,187,9,1,4,0,0
Cryptotaenia canadensis,187,9,1,4,0,0
Cryptotaenia canadensis,187,9,1,4,0,0
Cryptotaenia canadensis,187,9,1,4,0,0
Cryptotaenia canadensis,187,9,1,4,0,0
Cryptotaenia canadensis,187,9,1,4,0,0
Cryptotaenia canadensis,187,9,1,4,0,0
Cryptotaenia canadensis,187,9,1,4,0,0
Cryptotaenia canadensis,187,9,1,4,0,0
Cryptotaenia canadensis,187,9,1,4,0,0
Cryptotaenia canadensis,187,9,1,4,0,0
Cryptotaenia canadensis,187,9,1,4,0,0
Cryptotaenia canadensis,187,9,1,4,0,0
Cryptotaenia canadensis,187,9,1,4,0,0
Cryptotaenia canadensis,187,9,1,4,0,0
Cryptotaenia canadensis,191,9,1,4,5,0
Hesperis matronalis,308,9,1,4,0,0
Hesperis matronalis,308,9,1,4,0,0
Hesperis matronalis,309,9,1,4,0,0
Cryptotaenia canadensis,187,11,1,4,0,0
Cryptotaenia canadensis,187,11,1,4,0,0
Cryptotaenia canadensis,187,11,1,4,0,0
Cryptotaenia canadensis,188,11,1,4,0,0
Cryptotaenia canadensis,188,11,1,4,0,0
Cryptotaenia canadensis,188,11,1,4,0,0
Cryptotaenia canadensis,188,11,1,4,0,0
Cryptotaenia canadensis,189,11,1,4,0,0
Cryptotaenia canadensis,189,11,1,4,0,0
Cryptotaenia canadensis,189,11,1,4,0,0
Cryptotaenia canadensis,189,11,1,4,0,0
Cryptotaenia canadensis,191,11,1,4,5,0
Cryptotaenia canadensis,192,11,1,4,5,0
Cryptotaenia canadensis,189,13,1,4,0,0
Cryptotaenia canadensis,189,13,1,4,0,0
Hesperis matronalis,307,13,1,4,0,0
Hesperis matronalis,308,13,1,4,0,0
Hesperis matronalis,310,13,1,4,5,0
Hesperis matronalis,311,13,1,4,5,0
Cryptotaenia canadensis,187,14,1,4,0,0
Cryptotaenia canadensis,188,14,1,4,0,0
Cryptotaenia canadensis,188,14,1,4,0,0
Cryptotaenia canadensis,189,16,1,4,0,0
Cryptotaenia canadensis,191,16,1,4,5,0
Cryptotaenia canadensis,189,18,1,4,0,0
Cryptotaenia canadensis,192,18,1,4,5,0
Cryptotaenia canadensis,197,2,1,5,5,0
Hesperis matronalis,313,2,1,5,0,0
Hesperis matronalis,313,2,1,5,0,0
Hesperis matronalis,313,2,1,5,0,0
Hesperis matronalis,313,2,1,5,0,0
Hesperis matronalis,313,2,1,5,0,0
Hesperis matronalis,313,2,1,5,0,0
Hesperis matronalis,313,2,1,5,0,0
Hesperis matronalis,313,2,1,5,0,0
Hesperis matronalis,313,2,1,5,0,0
Hesperis matronalis,313,2,1,5,0,0
Hesperis matronalis,313,2,1,5,0,0
Hesperis matronalis,313,2,1,5,0,0
Hesperis matronalis,313,2,1,5,0,0
Hesperis matronalis,313,2,1,5,0,0
Hesperis matronalis,313,2,1,5,0,0
Hesperis matronalis,313,2,1,5,0,0
Hesperis matronalis,313,2,1,5,0,0
Hesperis matronalis,313,2,1,5,0,0
Hesperis matronalis,313,2,1,5,0,0
Hesperis matronalis,314,2,1,5,0,0
Hesperis matronalis,314,2,1,5,0,0
Hesperis matronalis,314,2,1,5,0,0
Hesperis matronalis,314,2,1,5,0,0
Hesperis matronalis,314,2,1,5,0,0
Hesperis matronalis,314,2,1,5,0,0
Hesperis matronalis,314,2,1,5,0,0
Hesperis matronalis,314,2,1,5,0,0
Hesperis matronalis,314,2,1,5,0,0
Hesperis matronalis,314,2,1,5,0,0
Hesperis matronalis,314,2,1,5,0,0
Hesperis matronalis,314,2,1,5,0,0
Hesperis matronalis,314,2,1,5,0,0
Hesperis matronalis,314,2,1,5,0,0
Hesperis matronalis,315,2,1,5,0,0
Hesperis matronalis,315,2,1,5,0,0
Hesperis matronalis,315,2,1,5,0,0
Hesperis matronalis,315,2,1,5,0,0
Hesperis matronalis,315,2,1,5,0,0
Hesperis matronalis,315,2,1,5,0,0
Hesperis matronalis,315,2,1,5,0,0
Hesperis matronalis,315,2,1,5,0,0
Hesperis matronalis,315,2,1,5,0,0
Hesperis matronalis,315,2,1,5,0,0
Hesperis matronalis,315,2,1,5,0,0
Hesperis matronalis,315,2,1,5,0,0
Hesperis matronalis,315,2,1,5,0,0
Hesperis matronalis,315,2,1,5,0,0
Hesperis matronalis,316,2,1,5,5,0
Hesperis matronalis,316,2,1,5,5,0
Hesperis matronalis,316,2,1,5,5,0
Hesperis matronalis,316,2,1,5,5,0
Hesperis matronalis,316,2,1,5,5,0
Hesperis matronalis,316,2,1,5,5,0
Hesperis matronalis,316,2,1,5,5,0
Hesperis matronalis,316,2,1,5,5,0
Hesperis matronalis,316,2,1,5,5,0
Hesperis matronalis,316,2,1,5,5,0
Hesperis matronalis,316,2,1,5,5,0
Hesperis matronalis,316,2,1,5,5,0
Hesperis matronalis,316,2,1,5,5,0
Hesperis matronalis,316,2,1,5,5,0
Hesperis matronalis,316,2,1,5,5,0
Hesperis matronalis,316,2,1,5,5,0
Hesperis matronalis,316,2,1,5,5,0
Hesperis matronalis,317,2,1,5,5,0
Hesperis matronalis,317,2,1,5,5,0
Hesperis matronalis,317,2,1,5,5,0
Hesperis matronalis,317,2,1,5,5,0
Hesperis matronalis,317,2,1,5,5,0
Hesperis matronalis,317,2,1,5,5,0
Hesperis matronalis,317,2,1,5,5,0
Hesperis matronalis,317,2,1,5,5,0
Hesperis matronalis,317,2,1,5,5,0
Hesperis matronalis,317,2,1,5,5,0
Hesperis matronalis,317,2,1,5,5,0
Hesperis matronalis,317,2,1,5,5,0
Hesperis matronalis,317,2,1,5,5,0
Hesperis matronalis,317,2,1,5,5,0
Hesperis matronalis,317,2,1,5,5,0
Hesperis matronalis,317,2,1,5,5,0
Hesperis matronalis,317,2,1,5,5,0
Hesperis matronalis,317,2,1,5,5,0
Hesperis matronalis,317,2,1,5,5,0
Hesperis matronalis,318,2,1,5,5,0
Hesperis matronalis,318,2,1,5,5,0
Hesperis matronalis,318,2,1,5,5,0
Hesperis matronalis,318,2,1,5,5,0
Hesperis matronalis,318,2,1,5,5,0
Hesperis matronalis,318,2,1,5,5,0
Hesperis matronalis,318,2,1,5,5,0
Hesperis matronalis,318,2,1,5,5,0
Hesperis matronalis,318,2,1,5,5,0
Hesperis matronalis,318,2,1,5,5,0
Hesperis matronalis,318,2,1,5,5,0
Hesperis matronalis,318,2,1,5,5,0
Hesperis matronalis,318,2,1,5,5,0
Hesperis matronalis,318,2,1,5,5,0
Hesperis matronalis,318,2,1,5,5,0
Hesperis matronalis,318,2,1,5,5,0
Hesperis matronalis,318,2,1,5,5,0
Hesperis matronalis,318,2,1,5,5,0
Hesperis matronalis,318,2,1,5,5,0
Hesperis matronalis,318,2,1,5,5,0
Cryptotaenia canadensis,195,4,1,5,0,0
Hesperis matronalis,313,4,1,5,0,0
Hesperis matronalis,314,4,1,5,0,0
Hesperis matronalis,315,4,1,5,0,0
Hesperis matronalis,315,4,1,5,0,0
Hesperis matronalis,315,4,1,5,0,0
Hesperis matronalis,316,4,1,5,5,0
Hesperis matronalis,317,4,1,5,5,0
Cryptotaenia canadensis,193,6,1,5,0,0
Cryptotaenia canadensis,193,6,1,5,0,0
Cryptotaenia canadensis,193,6,1,5,0,0
Cryptotaenia canadensis,193,6,1,5,0,0
Cryptotaenia canadensis,193,6,1,5,0,0
Cryptotaenia canadensis,194,6,1,5,0,0
Cryptotaenia canadensis,194,6,1,5,0,0
Cryptotaenia canadensis,194,6,1,5,0,0
Cryptotaenia canadensis,194,6,1,5,0,0
Cryptotaenia canadensis,194,6,1,5,0,0
Cryptotaenia canadensis,195,6,1,5,0,0
Cryptotaenia canadensis,195,6,1,5,0,0
Cryptotaenia canadensis,195,6,1,5,0,0
Cryptotaenia canadensis,195,6,1,5,0,0
Cryptotaenia canadensis,195,6,1,5,0,0
Cryptotaenia canadensis,195,6,1,5,0,0
Cryptotaenia canadensis,195,6,1,5,0,0
Cryptotaenia canadensis,195,6,1,5,0,0
Hesperis matronalis,314,6,1,5,0,0
Cryptotaenia canadensis,193,7,1,5,0,0
Cryptotaenia canadensis,193,7,1,5,0,0
Cryptotaenia canadensis,194,7,1,5,0,0
Cryptotaenia canadensis,194,7,1,5,0,0
Cryptotaenia canadensis,194,7,1,5,0,0
Cryptotaenia canadensis,194,7,1,5,0,0
Cryptotaenia canadensis,194,7,1,5,0,0
Cryptotaenia canadensis,195,7,1,5,0,0
Cryptotaenia canadensis,195,7,1,5,0,0
Cryptotaenia canadensis,195,7,1,5,0,0
Cryptotaenia canadensis,195,7,1,5,0,0
Cryptotaenia canadensis,195,7,1,5,0,0
Cryptotaenia canadensis,193,9,1,5,0,0
Cryptotaenia canadensis,193,9,1,5,0,0
Cryptotaenia canadensis,193,9,1,5,0,0
Cryptotaenia canadensis,193,9,1,5,0,0
Cryptotaenia canadensis,193,9,1,5,0,0
Cryptotaenia canadensis,194,9,1,5,0,0
Cryptotaenia canadensis,194,9,1,5,0,0
Cryptotaenia canadensis,194,9,1,5,0,0
Cryptotaenia canadensis,194,9,1,5,0,0
Cryptotaenia canadensis,194,9,1,5,0,0
Cryptotaenia canadensis,195,9,1,5,0,0
Cryptotaenia canadensis,195,9,1,5,0,0
Cryptotaenia canadensis,195,9,1,5,0,0
Cryptotaenia canadensis,195,9,1,5,0,0
Cryptotaenia canadensis,195,9,1,5,0,0
Cryptotaenia canadensis,195,9,1,5,0,0
Cryptotaenia canadensis,196,9,1,5,5,0
Cryptotaenia canadensis,196,9,1,5,5,0
Hesperis matronalis,316,9,1,5,5,0
Cryptotaenia canadensis,193,11,1,5,0,0
Cryptotaenia canadensis,193,11,1,5,0,0
Hesperis matronalis,316,11,1,5,5,0
Cryptotaenia canadensis,193,13,1,5,0,0
Cryptotaenia canadensis,194,13,1,5,0,0
Cryptotaenia canadensis,196,13,1,5,5,0
Cryptotaenia canadensis,198,13,1,5,5,0
Hesperis matronalis,315,21,1,5,0,0
Hesperis matronalis,320,1.00E-05,1,6,5,-1
Hesperis matronalis,321,1.00E-05,1,6,5,-1
Hesperis matronalis,321,1.00E-05,1,6,5,-1
Hesperis matronalis,321,1.00E-05,1,6,5,-1
Hesperis matronalis,322,1.00E-05,1,6,0,-1
Hesperis matronalis,322,1.00E-05,1,6,0,-1
Hesperis matronalis,323,1.00E-05,1,6,0,-1
Hesperis matronalis,324,1.00E-05,1,6,0,-1
Hesperis matronalis,319,2,1,6,5,0
Hesperis matronalis,319,2,1,6,5,0
Hesperis matronalis,319,2,1,6,5,0
Hesperis matronalis,319,2,1,6,5,0
Hesperis matronalis,319,2,1,6,5,0
Hesperis matronalis,319,2,1,6,5,0
Hesperis matronalis,319,2,1,6,5,0
Hesperis matronalis,319,2,1,6,5,0
Hesperis matronalis,319,2,1,6,5,0
Hesperis matronalis,319,2,1,6,5,0
Hesperis matronalis,319,2,1,6,5,0
Hesperis matronalis,319,2,1,6,5,0
Hesperis matronalis,319,2,1,6,5,0
Hesperis matronalis,319,2,1,6,5,0
Hesperis matronalis,319,2,1,6,5,0
Hesperis matronalis,319,2,1,6,5,0
Hesperis matronalis,319,2,1,6,5,0
Hesperis matronalis,319,2,1,6,5,0
Hesperis matronalis,319,2,1,6,5,0
Hesperis matronalis,320,2,1,6,5,0
Hesperis matronalis,320,2,1,6,5,0
Hesperis matronalis,320,2,1,6,5,0
Hesperis matronalis,320,2,1,6,5,0
Hesperis matronalis,320,2,1,6,5,0
Hesperis matronalis,320,2,1,6,5,0
Hesperis matronalis,320,2,1,6,5,0
Hesperis matronalis,320,2,1,6,5,0
Hesperis matronalis,320,2,1,6,5,0
Hesperis matronalis,320,2,1,6,5,0
Hesperis matronalis,320,2,1,6,5,0
Hesperis matronalis,320,2,1,6,5,0
Hesperis matronalis,320,2,1,6,5,0
Hesperis matronalis,320,2,1,6,5,0
Hesperis matronalis,320,2,1,6,5,0
Hesperis matronalis,320,2,1,6,5,0
Hesperis matronalis,320,2,1,6,5,0
Hesperis matronalis,320,2,1,6,5,0
Hesperis matronalis,321,2,1,6,5,0
Hesperis matronalis,321,2,1,6,5,0
Hesperis matronalis,321,2,1,6,5,0
Hesperis matronalis,321,2,1,6,5,0
Hesperis matronalis,321,2,1,6,5,0
Hesperis matronalis,321,2,1,6,5,0
Hesperis matronalis,321,2,1,6,5,0
Hesperis matronalis,321,2,1,6,5,0
Hesperis matronalis,321,2,1,6,5,0
Hesperis matronalis,321,2,1,6,5,0
Hesperis matronalis,321,2,1,6,5,0
Hesperis matronalis,321,2,1,6,5,0
Hesperis matronalis,321,2,1,6,5,0
Hesperis matronalis,321,2,1,6,5,0
Hesperis matronalis,321,2,1,6,5,0
Hesperis matronalis,321,2,1,6,5,0
Hesperis matronalis,321,2,1,6,5,0
Hesperis matronalis,321,2,1,6,5,0
Hesperis matronalis,321,2,1,6,5,0
Hesperis matronalis,322,2,1,6,0,0
Hesperis matronalis,322,2,1,6,0,0
Hesperis matronalis,322,2,1,6,0,0
Hesperis matronalis,322,2,1,6,0,0
Hesperis matronalis,322,2,1,6,0,0
Hesperis matronalis,322,2,1,6,0,0
Hesperis matronalis,322,2,1,6,0,0
Hesperis matronalis,322,2,1,6,0,0
Hesperis matronalis,322,2,1,6,0,0
Hesperis matronalis,322,2,1,6,0,0
Hesperis matronalis,322,2,1,6,0,0
Hesperis matronalis,322,2,1,6,0,0
Hesperis matronalis,322,2,1,6,0,0
Hesperis matronalis,322,2,1,6,0,0
Hesperis matronalis,323,2,1,6,0,0
Hesperis matronalis,323,2,1,6,0,0
Hesperis matronalis,323,2,1,6,0,0
Hesperis matronalis,323,2,1,6,0,0
Hesperis matronalis,323,2,1,6,0,0
Hesperis matronalis,323,2,1,6,0,0
Hesperis matronalis,323,2,1,6,0,0
Hesperis matronalis,323,2,1,6,0,0
Hesperis matronalis,323,2,1,6,0,0
Hesperis matronalis,323,2,1,6,0,0
Hesperis matronalis,323,2,1,6,0,0
Hesperis matronalis,323,2,1,6,0,0
Hesperis matronalis,323,2,1,6,0,0
Hesperis matronalis,323,2,1,6,0,0
Hesperis matronalis,323,2,1,6,0,0
Hesperis matronalis,323,2,1,6,0,0
Hesperis matronalis,323,2,1,6,0,0
Hesperis matronalis,323,2,1,6,0,0
Hesperis matronalis,323,2,1,6,0,0
Hesperis matronalis,324,2,1,6,0,0
Hesperis matronalis,324,2,1,6,0,0
Hesperis matronalis,324,2,1,6,0,0
Hesperis matronalis,324,2,1,6,0,0
Hesperis matronalis,324,2,1,6,0,0
Hesperis matronalis,324,2,1,6,0,0
Hesperis matronalis,324,2,1,6,0,0
Hesperis matronalis,324,2,1,6,0,0
Hesperis matronalis,324,2,1,6,0,0
Hesperis matronalis,324,2,1,6,0,0
Hesperis matronalis,324,2,1,6,0,0
Hesperis matronalis,324,2,1,6,0,0
Hesperis matronalis,324,2,1,6,0,0
Hesperis matronalis,324,2,1,6,0,0
Hesperis matronalis,324,2,1,6,0,0
Hesperis matronalis,324,2,1,6,0,0
Hesperis matronalis,324,2,1,6,0,0
Cryptotaenia canadensis,199,4,1,6,5,0
Cryptotaenia canadensis,203,4,1,6,0,0
Hesperis matronalis,319,4,1,6,5,0
Hesperis matronalis,322,4,1,6,0,0
Hesperis matronalis,322,4,1,6,0,0
Hesperis matronalis,322,4,1,6,0,0
Hesperis matronalis,322,4,1,6,0,0
Cryptotaenia canadensis,199,6,1,6,5,0
Cryptotaenia canadensis,202,6,1,6,0,0
Cryptotaenia canadensis,203,6,1,6,0,0
Cryptotaenia canadensis,203,6,1,6,0,0
Cryptotaenia canadensis,203,6,1,6,0,0
Cryptotaenia canadensis,204,6,1,6,0,0
Cryptotaenia canadensis,204,6,1,6,0,0
Cryptotaenia canadensis,204,6,1,6,0,0
Cryptotaenia canadensis,199,7,1,6,5,0
Cryptotaenia canadensis,199,7,1,6,5,0
Cryptotaenia canadensis,199,7,1,6,5,0
Cryptotaenia canadensis,199,7,1,6,5,0
Cryptotaenia canadensis,202,7,1,6,0,0
Cryptotaenia canadensis,202,7,1,6,0,0
Cryptotaenia canadensis,202,7,1,6,0,0
Cryptotaenia canadensis,202,7,1,6,0,0
Cryptotaenia canadensis,202,7,1,6,0,0
Cryptotaenia canadensis,202,7,1,6,0,0
Cryptotaenia canadensis,202,7,1,6,0,0
Cryptotaenia canadensis,203,7,1,6,0,0
Cryptotaenia canadensis,203,7,1,6,0,0
Cryptotaenia canadensis,203,7,1,6,0,0
Cryptotaenia canadensis,203,7,1,6,0,0
Cryptotaenia canadensis,203,7,1,6,0,0
Cryptotaenia canadensis,203,7,1,6,0,0
Cryptotaenia canadensis,204,7,1,6,0,0
Cryptotaenia canadensis,204,7,1,6,0,0
Cryptotaenia canadensis,204,7,1,6,0,0
Cryptotaenia canadensis,204,7,1,6,0,0
Cryptotaenia canadensis,204,7,1,6,0,0
Cryptotaenia canadensis,204,7,1,6,0,0
Cryptotaenia canadensis,204,7,1,6,0,0
Cryptotaenia canadensis,204,7,1,6,0,0
Cryptotaenia canadensis,204,7,1,6,0,0
Cryptotaenia canadensis,204,7,1,6,0,0
Cryptotaenia canadensis,199,9,1,6,5,0
Cryptotaenia canadensis,199,9,1,6,5,0
Cryptotaenia canadensis,200,9,1,6,5,0
Cryptotaenia canadensis,200,9,1,6,5,0
Cryptotaenia canadensis,200,9,1,6,5,0
Cryptotaenia canadensis,200,9,1,6,5,0
Cryptotaenia canadensis,200,9,1,6,5,0
Cryptotaenia canadensis,202,9,1,6,0,0
Cryptotaenia canadensis,202,9,1,6,0,0
Cryptotaenia canadensis,203,9,1,6,0,0
Cryptotaenia canadensis,204,9,1,6,0,0
Cryptotaenia canadensis,204,9,1,6,0,0
Cryptotaenia canadensis,202,11,1,6,0,0
Cryptotaenia canadensis,203,11,1,6,0,0
Cryptotaenia canadensis,203,11,1,6,0,0
Cryptotaenia canadensis,203,11,1,6,0,0
Cryptotaenia canadensis,203,11,1,6,0,0
Cryptotaenia canadensis,204,11,1,6,0,0
Cryptotaenia canadensis,204,11,1,6,0,0
Hesperis matronalis,323,11,1,6,0,0
Cryptotaenia canadensis,202,13,1,6,0,0
Cryptotaenia canadensis,204,13,1,6,0,0
Cryptotaenia canadensis,202,16,1,6,0,0
Cryptotaenia canadensis,200,18,1,6,5,0
Cryptotaenia canadensis,201,23,1,6,5,0
Hesperis matronalis,329,1.00E-05,1,7,0,-1
Hesperis matronalis,329,1.00E-05,1,7,0,-1
Hesperis matronalis,330,1.00E-05,1,7,0,-1
Hesperis matronalis,330,1.00E-05,1,7,0,-1
Cryptotaenia canadensis,205,2,1,7,5,0
Cryptotaenia canadensis,206,2,1,7,5,0
Cryptotaenia canadensis,206,2,1,7,5,0
Cryptotaenia canadensis,207,2,1,7,5,0
Cryptotaenia canadensis,208,2,1,7,0,0
Hesperis matronalis,325,2,1,7,5,0
Hesperis matronalis,325,2,1,7,5,0
Hesperis matronalis,325,2,1,7,5,0
Hesperis matronalis,325,2,1,7,5,0
Hesperis matronalis,325,2,1,7,5,0
Hesperis matronalis,325,2,1,7,5,0
Hesperis matronalis,325,2,1,7,5,0
Hesperis matronalis,325,2,1,7,5,0
Hesperis matronalis,325,2,1,7,5,0
Hesperis matronalis,325,2,1,7,5,0
Hesperis matronalis,325,2,1,7,5,0
Hesperis matronalis,325,2,1,7,5,0
Hesperis matronalis,325,2,1,7,5,0
Hesperis matronalis,325,2,1,7,5,0
Hesperis matronalis,325,2,1,7,5,0
Hesperis matronalis,325,2,1,7,5,0
Hesperis matronalis,325,2,1,7,5,0
Hesperis matronalis,326,2,1,7,5,0
Hesperis matronalis,326,2,1,7,5,0
Hesperis matronalis,326,2,1,7,5,0
Hesperis matronalis,326,2,1,7,5,0
Hesperis matronalis,326,2,1,7,5,0
Hesperis matronalis,326,2,1,7,5,0
Hesperis matronalis,326,2,1,7,5,0
Hesperis matronalis,326,2,1,7,5,0
Hesperis matronalis,326,2,1,7,5,0
Hesperis matronalis,326,2,1,7,5,0
Hesperis matronalis,326,2,1,7,5,0
Hesperis matronalis,326,2,1,7,5,0
Hesperis matronalis,326,2,1,7,5,0
Hesperis matronalis,326,2,1,7,5,0
Hesperis matronalis,326,2,1,7,5,0
Hesperis matronalis,326,2,1,7,5,0
Hesperis matronalis,326,2,1,7,5,0
Hesperis matronalis,327,2,1,7,5,0
Hesperis matronalis,327,2,1,7,5,0
Hesperis matronalis,327,2,1,7,5,0
Hesperis matronalis,327,2,1,7,5,0
Hesperis matronalis,327,2,1,7,5,0
Hesperis matronalis,327,2,1,7,5,0
Hesperis matronalis,327,2,1,7,5,0
Hesperis matronalis,327,2,1,7,5,0
Hesperis matronalis,327,2,1,7,5,0
Hesperis matronalis,327,2,1,7,5,0
Hesperis matronalis,327,2,1,7,5,0
Hesperis matronalis,327,2,1,7,5,0
Hesperis matronalis,327,2,1,7,5,0
Hesperis matronalis,327,2,1,7,5,0
Hesperis matronalis,327,2,1,7,5,0
Hesperis matronalis,327,2,1,7,5,0
Hesperis matronalis,327,2,1,7,5,0
Hesperis matronalis,327,2,1,7,5,0
Hesperis matronalis,328,2,1,7,0,0
Hesperis matronalis,328,2,1,7,0,0
Hesperis matronalis,328,2,1,7,0,0
Hesperis matronalis,328,2,1,7,0,0
Hesperis matronalis,328,2,1,7,0,0
Hesperis matronalis,328,2,1,7,0,0
Hesperis matronalis,328,2,1,7,0,0
Hesperis matronalis,328,2,1,7,0,0
Hesperis matronalis,328,2,1,7,0,0
Hesperis matronalis,328,2,1,7,0,0
Hesperis matronalis,328,2,1,7,0,0
Hesperis matronalis,328,2,1,7,0,0
Hesperis matronalis,328,2,1,7,0,0
Hesperis matronalis,328,2,1,7,0,0
Hesperis matronalis,328,2,1,7,0,0
Hesperis matronalis,328,2,1,7,0,0
Hesperis matronalis,328,2,1,7,0,0
Hesperis matronalis,328,2,1,7,0,0
Hesperis matronalis,328,2,1,7,0,0
Hesperis matronalis,328,2,1,7,0,0
Hesperis matronalis,329,2,1,7,0,0
Hesperis matronalis,329,2,1,7,0,0
Hesperis matronalis,329,2,1,7,0,0
Hesperis matronalis,329,2,1,7,0,0
Hesperis matronalis,329,2,1,7,0,0
Hesperis matronalis,329,2,1,7,0,0
Hesperis matronalis,329,2,1,7,0,0
Hesperis matronalis,329,2,1,7,0,0
Hesperis matronalis,329,2,1,7,0,0
Hesperis matronalis,329,2,1,7,0,0
Hesperis matronalis,329,2,1,7,0,0
Hesperis matronalis,329,2,1,7,0,0
Hesperis matronalis,329,2,1,7,0,0
Hesperis matronalis,329,2,1,7,0,0
Hesperis matronalis,329,2,1,7,0,0
Hesperis matronalis,329,2,1,7,0,0
Hesperis matronalis,330,2,1,7,0,0
Hesperis matronalis,330,2,1,7,0,0
Hesperis matronalis,330,2,1,7,0,0
Hesperis matronalis,330,2,1,7,0,0
Hesperis matronalis,330,2,1,7,0,0
Hesperis matronalis,330,2,1,7,0,0
Hesperis matronalis,330,2,1,7,0,0
Hesperis matronalis,330,2,1,7,0,0
Hesperis matronalis,330,2,1,7,0,0
Hesperis matronalis,330,2,1,7,0,0
Hesperis matronalis,330,2,1,7,0,0
Hesperis matronalis,330,2,1,7,0,0
Hesperis matronalis,330,2,1,7,0,0
Hesperis matronalis,330,2,1,7,0,0
Hesperis matronalis,330,2,1,7,0,0
Hesperis matronalis,330,2,1,7,0,0
Hesperis matronalis,330,2,1,7,0,0
Cryptotaenia canadensis,207,4,1,7,5,0
Cryptotaenia canadensis,209,4,1,7,0,0
Hesperis matronalis,330,4,1,7,0,0
Hesperis matronalis,330,4,1,7,0,0
Cryptotaenia canadensis,205,6,1,7,5,0
Cryptotaenia canadensis,205,6,1,7,5,0
Cryptotaenia canadensis,205,6,1,7,5,0
Cryptotaenia canadensis,205,6,1,7,5,0
Cryptotaenia canadensis,205,6,1,7,5,0
Cryptotaenia canadensis,205,6,1,7,5,0
Cryptotaenia canadensis,205,6,1,7,5,0
Cryptotaenia canadensis,205,6,1,7,5,0
Cryptotaenia canadensis,205,6,1,7,5,0
Cryptotaenia canadensis,206,6,1,7,5,0
Cryptotaenia canadensis,206,6,1,7,5,0
Cryptotaenia canadensis,206,6,1,7,5,0
Cryptotaenia canadensis,206,6,1,7,5,0
Cryptotaenia canadensis,206,6,1,7,5,0
Cryptotaenia canadensis,206,6,1,7,5,0
Cryptotaenia canadensis,206,6,1,7,5,0
Cryptotaenia canadensis,206,6,1,7,5,0
Cryptotaenia canadensis,207,6,1,7,5,0
Cryptotaenia canadensis,207,6,1,7,5,0
Cryptotaenia canadensis,207,6,1,7,5,0
Cryptotaenia canadensis,207,6,1,7,5,0
Cryptotaenia canadensis,207,6,1,7,5,0
Cryptotaenia canadensis,207,6,1,7,5,0
Cryptotaenia canadensis,207,6,1,7,5,0
Cryptotaenia canadensis,207,6,1,7,5,0
Cryptotaenia canadensis,207,6,1,7,5,0
Cryptotaenia canadensis,208,6,1,7,0,0
Cryptotaenia canadensis,208,6,1,7,0,0
Cryptotaenia canadensis,208,6,1,7,0,0
Cryptotaenia canadensis,208,6,1,7,0,0
Cryptotaenia canadensis,208,6,1,7,0,0
Cryptotaenia canadensis,208,6,1,7,0,0
Cryptotaenia canadensis,208,6,1,7,0,0
Cryptotaenia canadensis,208,6,1,7,0,0
Cryptotaenia canadensis,208,6,1,7,0,0
Cryptotaenia canadensis,208,6,1,7,0,0
Cryptotaenia canadensis,208,6,1,7,0,0
Cryptotaenia canadensis,208,6,1,7,0,0
Cryptotaenia canadensis,208,6,1,7,0,0
Cryptotaenia canadensis,209,6,1,7,0,0
Cryptotaenia canadensis,209,6,1,7,0,0
Cryptotaenia canadensis,209,6,1,7,0,0
Cryptotaenia canadensis,209,6,1,7,0,0
Cryptotaenia canadensis,209,6,1,7,0,0
Cryptotaenia canadensis,209,6,1,7,0,0
Cryptotaenia canadensis,209,6,1,7,0,0
Cryptotaenia canadensis,209,6,1,7,0,0
Cryptotaenia canadensis,209,6,1,7,0,0
Cryptotaenia canadensis,209,6,1,7,0,0
Cryptotaenia canadensis,209,6,1,7,0,0
Cryptotaenia canadensis,209,6,1,7,0,0
Cryptotaenia canadensis,209,6,1,7,0,0
Cryptotaenia canadensis,209,6,1,7,0,0
Cryptotaenia canadensis,209,6,1,7,0,0
Cryptotaenia canadensis,210,6,1,7,0,0
Cryptotaenia canadensis,210,6,1,7,0,0
Cryptotaenia canadensis,210,6,1,7,0,0
Cryptotaenia canadensis,210,6,1,7,0,0
Cryptotaenia canadensis,210,6,1,7,0,0
Cryptotaenia canadensis,210,6,1,7,0,0
Cryptotaenia canadensis,210,6,1,7,0,0
Cryptotaenia canadensis,210,6,1,7,0,0
Cryptotaenia canadensis,210,6,1,7,0,0
Cryptotaenia canadensis,210,6,1,7,0,0
Cryptotaenia canadensis,210,6,1,7,0,0
Cryptotaenia canadensis,210,6,1,7,0,0
Cryptotaenia canadensis,210,6,1,7,0,0
Cryptotaenia canadensis,210,6,1,7,0,0
Cryptotaenia canadensis,210,6,1,7,0,0
Cryptotaenia canadensis,210,6,1,7,0,0
Cryptotaenia canadensis,210,6,1,7,0,0
Cryptotaenia canadensis,210,6,1,7,0,0
Cryptotaenia canadensis,210,6,1,7,0,0
Hesperis matronalis,329,6,1,7,0,0
Cryptotaenia canadensis,205,7,1,7,5,0
Cryptotaenia canadensis,205,7,1,7,5,0
Cryptotaenia canadensis,207,7,1,7,5,0
Cryptotaenia canadensis,208,7,1,7,0,0
Cryptotaenia canadensis,208,7,1,7,0,0
Cryptotaenia canadensis,208,7,1,7,0,0
Cryptotaenia canadensis,206,9,1,7,5,0
Cryptotaenia canadensis,208,9,1,7,0,0
Cryptotaenia canadensis,209,9,1,7,0,0
Cryptotaenia canadensis,209,9,1,7,0,0
Cryptotaenia canadensis,209,9,1,7,0,0
Cryptotaenia canadensis,210,9,1,7,0,0
Cryptotaenia canadensis,206,11,1,7,5,0
Cryptotaenia canadensis,209,11,1,7,0,0
Hesperis matronalis,329,11,1,7,0,0
Hesperis matronalis,331,1.00E-05,1,8,5,-1
Hesperis matronalis,331,1.00E-05,1,8,5,-1
Hesperis matronalis,332,1.00E-05,1,8,5,-1
Hesperis matronalis,332,1.00E-05,1,8,5,-1
Hesperis matronalis,333,1.00E-05,1,8,5,-1
Hesperis matronalis,334,1.00E-05,1,8,0,-1
Hesperis matronalis,334,1.00E-05,1,8,0,-1
Hesperis matronalis,335,1.00E-05,1,8,0,-1
Hesperis matronalis,335,1.00E-05,1,8,0,-1
Hesperis matronalis,335,1.00E-05,1,8,0,-1
Hesperis matronalis,335,1.00E-05,1,8,0,-1
Hesperis matronalis,336,1.00E-05,1,8,0,-1
Hesperis matronalis,336,1.00E-05,1,8,0,-1
Cryptotaenia canadensis,211,2,1,8,5,0
Cryptotaenia canadensis,212,2,1,8,5,0
Cryptotaenia canadensis,214,2,1,8,0,0
Cryptotaenia canadensis,214,2,1,8,0,0
Cryptotaenia canadensis,215,2,1,8,0,0
Cryptotaenia canadensis,215,2,1,8,0,0
Hesperis matronalis,331,2,1,8,5,0
Hesperis matronalis,331,2,1,8,5,0
Hesperis matronalis,331,2,1,8,5,0
Hesperis matronalis,331,2,1,8,5,0
Hesperis matronalis,331,2,1,8,5,0
Hesperis matronalis,331,2,1,8,5,0
Hesperis matronalis,331,2,1,8,5,0
Hesperis matronalis,331,2,1,8,5,0
Hesperis matronalis,331,2,1,8,5,0
Hesperis matronalis,331,2,1,8,5,0
Hesperis matronalis,331,2,1,8,5,0
Hesperis matronalis,331,2,1,8,5,0
Hesperis matronalis,331,2,1,8,5,0
Hesperis matronalis,331,2,1,8,5,0
Hesperis matronalis,331,2,1,8,5,0
Hesperis matronalis,331,2,1,8,5,0
Hesperis matronalis,331,2,1,8,5,0
Hesperis matronalis,331,2,1,8,5,0
Hesperis matronalis,332,2,1,8,5,0
Hesperis matronalis,332,2,1,8,5,0
Hesperis matronalis,332,2,1,8,5,0
Hesperis matronalis,332,2,1,8,5,0
Hesperis matronalis,332,2,1,8,5,0
Hesperis matronalis,332,2,1,8,5,0
Hesperis matronalis,332,2,1,8,5,0
Hesperis matronalis,332,2,1,8,5,0
Hesperis matronalis,332,2,1,8,5,0
Hesperis matronalis,332,2,1,8,5,0
Hesperis matronalis,332,2,1,8,5,0
Hesperis matronalis,332,2,1,8,5,0
Hesperis matronalis,332,2,1,8,5,0
Hesperis matronalis,332,2,1,8,5,0
Hesperis matronalis,332,2,1,8,5,0
Hesperis matronalis,333,2,1,8,5,0
Hesperis matronalis,333,2,1,8,5,0
Hesperis matronalis,333,2,1,8,5,0
Hesperis matronalis,333,2,1,8,5,0
Hesperis matronalis,333,2,1,8,5,0
Hesperis matronalis,333,2,1,8,5,0
Hesperis matronalis,333,2,1,8,5,0
Hesperis matronalis,333,2,1,8,5,0
Hesperis matronalis,333,2,1,8,5,0
Hesperis matronalis,333,2,1,8,5,0
Hesperis matronalis,333,2,1,8,5,0
Hesperis matronalis,333,2,1,8,5,0
Hesperis matronalis,333,2,1,8,5,0
Hesperis matronalis,333,2,1,8,5,0
Hesperis matronalis,333,2,1,8,5,0
Hesperis matronalis,333,2,1,8,5,0
Hesperis matronalis,333,2,1,8,5,0
Hesperis matronalis,333,2,1,8,5,0
Hesperis matronalis,333,2,1,8,5,0
Hesperis matronalis,334,2,1,8,0,0
Hesperis matronalis,334,2,1,8,0,0
Hesperis matronalis,334,2,1,8,0,0
Hesperis matronalis,334,2,1,8,0,0
Hesperis matronalis,334,2,1,8,0,0
Hesperis matronalis,334,2,1,8,0,0
Hesperis matronalis,334,2,1,8,0,0
Hesperis matronalis,334,2,1,8,0,0
Hesperis matronalis,334,2,1,8,0,0
Hesperis matronalis,334,2,1,8,0,0
Hesperis matronalis,334,2,1,8,0,0
Hesperis matronalis,334,2,1,8,0,0
Hesperis matronalis,334,2,1,8,0,0
Hesperis matronalis,334,2,1,8,0,0
Hesperis matronalis,334,2,1,8,0,0
Hesperis matronalis,334,2,1,8,0,0
Hesperis matronalis,334,2,1,8,0,0
Hesperis matronalis,335,2,1,8,0,0
Hesperis matronalis,335,2,1,8,0,0
Hesperis matronalis,335,2,1,8,0,0
Hesperis matronalis,335,2,1,8,0,0
Hesperis matronalis,335,2,1,8,0,0
Hesperis matronalis,335,2,1,8,0,0
Hesperis matronalis,335,2,1,8,0,0
Hesperis matronalis,335,2,1,8,0,0
Hesperis matronalis,335,2,1,8,0,0
Hesperis matronalis,335,2,1,8,0,0
Hesperis matronalis,335,2,1,8,0,0
Hesperis matronalis,335,2,1,8,0,0
Hesperis matronalis,335,2,1,8,0,0
Hesperis matronalis,336,2,1,8,0,0
Hesperis matronalis,336,2,1,8,0,0
Hesperis matronalis,336,2,1,8,0,0
Hesperis matronalis,336,2,1,8,0,0
Hesperis matronalis,336,2,1,8,0,0
Hesperis matronalis,336,2,1,8,0,0
Hesperis matronalis,336,2,1,8,0,0
Hesperis matronalis,336,2,1,8,0,0
Hesperis matronalis,336,2,1,8,0,0
Hesperis matronalis,336,2,1,8,0,0
Hesperis matronalis,336,2,1,8,0,0
Hesperis matronalis,336,2,1,8,0,0
Hesperis matronalis,336,2,1,8,0,0
Hesperis matronalis,336,2,1,8,0,0
Hesperis matronalis,336,2,1,8,0,0
Cryptotaenia canadensis,212,4,1,8,5,0
Cryptotaenia canadensis,213,4,1,8,5,0
Cryptotaenia canadensis,214,4,1,8,0,0
Cryptotaenia canadensis,214,4,1,8,0,0
Cryptotaenia canadensis,214,4,1,8,0,0
Cryptotaenia canadensis,214,4,1,8,0,0
Cryptotaenia canadensis,215,4,1,8,0,0
Cryptotaenia canadensis,215,4,1,8,0,0
Cryptotaenia canadensis,216,4,1,8,0,0
Cryptotaenia canadensis,216,4,1,8,0,0
Cryptotaenia canadensis,216,4,1,8,0,0
Cryptotaenia canadensis,216,4,1,8,0,0
Hesperis matronalis,332,4,1,8,5,0
Hesperis matronalis,332,4,1,8,5,0
Hesperis matronalis,333,4,1,8,5,0
Hesperis matronalis,336,4,1,8,0,0
Hesperis matronalis,336,4,1,8,0,0
Hesperis matronalis,336,4,1,8,0,0
Cryptotaenia canadensis,211,6,1,8,5,0
Cryptotaenia canadensis,211,6,1,8,5,0
Cryptotaenia canadensis,211,6,1,8,5,0
Cryptotaenia canadensis,211,6,1,8,5,0
Cryptotaenia canadensis,211,6,1,8,5,0
Cryptotaenia canadensis,211,6,1,8,5,0
Cryptotaenia canadensis,212,6,1,8,5,0
Cryptotaenia canadensis,212,6,1,8,5,0
Cryptotaenia canadensis,212,6,1,8,5,0
Cryptotaenia canadensis,212,6,1,8,5,0
Cryptotaenia canadensis,212,6,1,8,5,0
Cryptotaenia canadensis,212,6,1,8,5,0
Cryptotaenia canadensis,212,6,1,8,5,0
Cryptotaenia canadensis,213,6,1,8,5,0
Cryptotaenia canadensis,213,6,1,8,5,0
Cryptotaenia canadensis,213,6,1,8,5,0
Cryptotaenia canadensis,213,6,1,8,5,0
Cryptotaenia canadensis,214,6,1,8,0,0
Cryptotaenia canadensis,214,6,1,8,0,0
Cryptotaenia canadensis,214,6,1,8,0,0
Cryptotaenia canadensis,214,6,1,8,0,0
Cryptotaenia canadensis,214,6,1,8,0,0
Cryptotaenia canadensis,214,6,1,8,0,0
Cryptotaenia canadensis,214,6,1,8,0,0
Cryptotaenia canadensis,214,6,1,8,0,0
Cryptotaenia canadensis,214,6,1,8,0,0
Cryptotaenia canadensis,214,6,1,8,0,0
Cryptotaenia canadensis,214,6,1,8,0,0
Cryptotaenia canadensis,215,6,1,8,0,0
Cryptotaenia canadensis,215,6,1,8,0,0
Cryptotaenia canadensis,215,6,1,8,0,0
Cryptotaenia canadensis,215,6,1,8,0,0
Cryptotaenia canadensis,215,6,1,8,0,0
Cryptotaenia canadensis,215,6,1,8,0,0
Cryptotaenia canadensis,215,6,1,8,0,0
Cryptotaenia canadensis,216,6,1,8,0,0
Cryptotaenia canadensis,216,6,1,8,0,0
Cryptotaenia canadensis,216,6,1,8,0,0
Cryptotaenia canadensis,216,6,1,8,0,0
Cryptotaenia canadensis,216,6,1,8,0,0
Cryptotaenia canadensis,216,6,1,8,0,0
Cryptotaenia canadensis,216,6,1,8,0,0
Cryptotaenia canadensis,216,6,1,8,0,0
Cryptotaenia canadensis,216,6,1,8,0,0
Cryptotaenia canadensis,216,6,1,8,0,0
Hesperis matronalis,332,6,1,8,5,0
Hesperis matronalis,332,6,1,8,5,0
Cryptotaenia canadensis,212,7,1,8,5,0
Cryptotaenia canadensis,215,7,1,8,0,0
Cryptotaenia canadensis,216,7,1,8,0,0
Cryptotaenia canadensis,216,7,1,8,0,0
Cryptotaenia canadensis,216,7,1,8,0,0
Cryptotaenia canadensis,216,7,1,8,0,0
Cryptotaenia canadensis,216,7,1,8,0,0
Cryptotaenia canadensis,211,9,1,8,5,0
Cryptotaenia canadensis,211,9,1,8,5,0
Cryptotaenia canadensis,211,9,1,8,5,0
Cryptotaenia canadensis,212,9,1,8,5,0
Cryptotaenia canadensis,213,9,1,8,5,0
Cryptotaenia canadensis,214,9,1,8,0,0
Cryptotaenia canadensis,214,9,1,8,0,0
Cryptotaenia canadensis,214,9,1,8,0,0
Cryptotaenia canadensis,215,9,1,8,0,0
Cryptotaenia canadensis,215,9,1,8,0,0
Cryptotaenia canadensis,215,9,1,8,0,0
Cryptotaenia canadensis,215,9,1,8,0,0
Cryptotaenia canadensis,215,9,1,8,0,0
Cryptotaenia canadensis,215,9,1,8,0,0
Cryptotaenia canadensis,216,9,1,8,0,0
Hesperis matronalis,335,9,1,8,0,0
Cryptotaenia canadensis,215,11,1,8,0,0
Cryptotaenia canadensis,213,13,1,8,5,0
Cryptotaenia canadensis,211,21,1,8,5,0
Cryptotaenia canadensis,212,23,1,8,5,0
Cryptotaenia canadensis,218,1.00E-05,1,9,5,-1
Cryptotaenia canadensis,218,1.00E-05,1,9,5,-1
Cryptotaenia canadensis,222,1.00E-05,1,9,0,-1
Hesperis matronalis,337,1.00E-05,1,9,5,-1
Hesperis matronalis,337,1.00E-05,1,9,5,-1
Hesperis matronalis,337,1.00E-05,1,9,5,-1
Hesperis matronalis,337,1.00E-05,1,9,5,-1
Hesperis matronalis,338,1.00E-05,1,9,5,-1
Hesperis matronalis,338,1.00E-05,1,9,5,-1
Hesperis matronalis,339,1.00E-05,1,9,5,-1
Hesperis matronalis,339,1.00E-05,1,9,5,-1
Hesperis matronalis,339,1.00E-05,1,9,5,-1
Hesperis matronalis,340,1.00E-05,1,9,0,-1
Hesperis matronalis,340,1.00E-05,1,9,0,-1
Hesperis matronalis,341,1.00E-05,1,9,0,-1
Hesperis matronalis,341,1.00E-05,1,9,0,-1
Hesperis matronalis,342,1.00E-05,1,9,0,-1
Hesperis matronalis,342,1.00E-05,1,9,0,-1
Cryptotaenia canadensis,222,2,1,9,0,0
Hesperis matronalis,337,2,1,9,5,0
Hesperis matronalis,337,2,1,9,5,0
Hesperis matronalis,337,2,1,9,5,0
Hesperis matronalis,337,2,1,9,5,0
Hesperis matronalis,337,2,1,9,5,0
Hesperis matronalis,337,2,1,9,5,0
Hesperis matronalis,337,2,1,9,5,0
Hesperis matronalis,337,2,1,9,5,0
Hesperis matronalis,337,2,1,9,5,0
Hesperis matronalis,337,2,1,9,5,0
Hesperis matronalis,337,2,1,9,5,0
Hesperis matronalis,337,2,1,9,5,0
Hesperis matronalis,337,2,1,9,5,0
Hesperis matronalis,337,2,1,9,5,0
Hesperis matronalis,337,2,1,9,5,0
Hesperis matronalis,337,2,1,9,5,0
Hesperis matronalis,337,2,1,9,5,0
Hesperis matronalis,338,2,1,9,5,0
Hesperis matronalis,338,2,1,9,5,0
Hesperis matronalis,338,2,1,9,5,0
Hesperis matronalis,338,2,1,9,5,0
Hesperis matronalis,338,2,1,9,5,0
Hesperis matronalis,338,2,1,9,5,0
Hesperis matronalis,338,2,1,9,5,0
Hesperis matronalis,338,2,1,9,5,0
Hesperis matronalis,338,2,1,9,5,0
Hesperis matronalis,338,2,1,9,5,0
Hesperis matronalis,338,2,1,9,5,0
Hesperis matronalis,338,2,1,9,5,0
Hesperis matronalis,338,2,1,9,5,0
Hesperis matronalis,338,2,1,9,5,0
Hesperis matronalis,338,2,1,9,5,0
Hesperis matronalis,338,2,1,9,5,0
Hesperis matronalis,338,2,1,9,5,0
Hesperis matronalis,339,2,1,9,5,0
Hesperis matronalis,339,2,1,9,5,0
Hesperis matronalis,339,2,1,9,5,0
Hesperis matronalis,339,2,1,9,5,0
Hesperis matronalis,339,2,1,9,5,0
Hesperis matronalis,339,2,1,9,5,0
Hesperis matronalis,339,2,1,9,5,0
Hesperis matronalis,339,2,1,9,5,0
Hesperis matronalis,339,2,1,9,5,0
Hesperis matronalis,339,2,1,9,5,0
Hesperis matronalis,339,2,1,9,5,0
Hesperis matronalis,339,2,1,9,5,0
Hesperis matronalis,339,2,1,9,5,0
Hesperis matronalis,339,2,1,9,5,0
Hesperis matronalis,339,2,1,9,5,0
Hesperis matronalis,339,2,1,9,5,0
Hesperis matronalis,339,2,1,9,5,0
Hesperis matronalis,340,2,1,9,0,0
Hesperis matronalis,340,2,1,9,0,0
Hesperis matronalis,340,2,1,9,0,0
Hesperis matronalis,340,2,1,9,0,0
Hesperis matronalis,340,2,1,9,0,0
Hesperis matronalis,340,2,1,9,0,0
Hesperis matronalis,340,2,1,9,0,0
Hesperis matronalis,340,2,1,9,0,0
Hesperis matronalis,340,2,1,9,0,0
Hesperis matronalis,340,2,1,9,0,0
Hesperis matronalis,340,2,1,9,0,0
Hesperis matronalis,340,2,1,9,0,0
Hesperis matronalis,340,2,1,9,0,0
Hesperis matronalis,340,2,1,9,0,0
Hesperis matronalis,340,2,1,9,0,0
Hesperis matronalis,341,2,1,9,0,0
Hesperis matronalis,341,2,1,9,0,0
Hesperis matronalis,341,2,1,9,0,0
Hesperis matronalis,341,2,1,9,0,0
Hesperis matronalis,341,2,1,9,0,0
Hesperis matronalis,341,2,1,9,0,0
Hesperis matronalis,341,2,1,9,0,0
Hesperis matronalis,341,2,1,9,0,0
Hesperis matronalis,341,2,1,9,0,0
Hesperis matronalis,341,2,1,9,0,0
Hesperis matronalis,341,2,1,9,0,0
Hesperis matronalis,341,2,1,9,0,0
Hesperis matronalis,341,2,1,9,0,0
Hesperis matronalis,341,2,1,9,0,0
Hesperis matronalis,341,2,1,9,0,0
Hesperis matronalis,341,2,1,9,0,0
Hesperis matronalis,341,2,1,9,0,0
Hesperis matronalis,342,2,1,9,0,0
Hesperis matronalis,342,2,1,9,0,0
Hesperis matronalis,342,2,1,9,0,0
Hesperis matronalis,342,2,1,9,0,0
Hesperis matronalis,342,2,1,9,0,0
Hesperis matronalis,342,2,1,9,0,0
Hesperis matronalis,342,2,1,9,0,0
Hesperis matronalis,342,2,1,9,0,0
Hesperis matronalis,342,2,1,9,0,0
Hesperis matronalis,342,2,1,9,0,0
Hesperis matronalis,342,2,1,9,0,0
Hesperis matronalis,342,2,1,9,0,0
Hesperis matronalis,342,2,1,9,0,0
Hesperis matronalis,342,2,1,9,0,0
Hesperis matronalis,342,2,1,9,0,0
Hesperis matronalis,342,2,1,9,0,0
Hesperis matronalis,342,2,1,9,0,0
Hesperis matronalis,342,2,1,9,0,0
Cryptotaenia canadensis,217,4,1,9,5,0
Cryptotaenia canadensis,217,4,1,9,5,0
Cryptotaenia canadensis,217,4,1,9,5,0
Cryptotaenia canadensis,217,4,1,9,5,0
Cryptotaenia canadensis,217,4,1,9,5,0
Cryptotaenia canadensis,217,4,1,9,5,0
Cryptotaenia canadensis,217,4,1,9,5,0
Cryptotaenia canadensis,218,4,1,9,5,0
Cryptotaenia canadensis,218,4,1,9,5,0
Cryptotaenia canadensis,218,4,1,9,5,0
Cryptotaenia canadensis,218,4,1,9,5,0
Cryptotaenia canadensis,219,4,1,9,5,0
Cryptotaenia canadensis,219,4,1,9,5,0
Cryptotaenia canadensis,219,4,1,9,5,0
Cryptotaenia canadensis,220,4,1,9,0,0
Cryptotaenia canadensis,220,4,1,9,0,0
Cryptotaenia canadensis,220,4,1,9,0,0
Cryptotaenia canadensis,221,4,1,9,0,0
Cryptotaenia canadensis,221,4,1,9,0,0
Cryptotaenia canadensis,222,4,1,9,0,0
Cryptotaenia canadensis,222,4,1,9,0,0
Cryptotaenia canadensis,222,4,1,9,0,0
Hesperis matronalis,339,4,1,9,5,0
Cryptotaenia canadensis,217,6,1,9,5,0
Cryptotaenia canadensis,217,6,1,9,5,0
Cryptotaenia canadensis,217,6,1,9,5,0
Cryptotaenia canadensis,217,6,1,9,5,0
Cryptotaenia canadensis,217,6,1,9,5,0
Cryptotaenia canadensis,218,6,1,9,5,0
Cryptotaenia canadensis,218,6,1,9,5,0
Cryptotaenia canadensis,218,6,1,9,5,0
Cryptotaenia canadensis,219,6,1,9,5,0
Cryptotaenia canadensis,219,6,1,9,5,0
Cryptotaenia canadensis,219,6,1,9,5,0
Cryptotaenia canadensis,219,6,1,9,5,0
Cryptotaenia canadensis,220,6,1,9,0,0
Cryptotaenia canadensis,220,6,1,9,0,0
Cryptotaenia canadensis,220,6,1,9,0,0
Cryptotaenia canadensis,220,6,1,9,0,0
Cryptotaenia canadensis,220,6,1,9,0,0
Cryptotaenia canadensis,220,6,1,9,0,0
Cryptotaenia canadensis,220,6,1,9,0,0
Cryptotaenia canadensis,220,6,1,9,0,0
Cryptotaenia canadensis,220,6,1,9,0,0
Cryptotaenia canadensis,220,6,1,9,0,0
Cryptotaenia canadensis,220,6,1,9,0,0
Cryptotaenia canadensis,220,6,1,9,0,0
Cryptotaenia canadensis,220,6,1,9,0,0
Cryptotaenia canadensis,221,6,1,9,0,0
Cryptotaenia canadensis,221,6,1,9,0,0
Cryptotaenia canadensis,221,6,1,9,0,0
Cryptotaenia canadensis,221,6,1,9,0,0
Cryptotaenia canadensis,221,6,1,9,0,0
Cryptotaenia canadensis,221,6,1,9,0,0
Cryptotaenia canadensis,221,6,1,9,0,0
Cryptotaenia canadensis,221,6,1,9,0,0
Cryptotaenia canadensis,222,6,1,9,0,0
Cryptotaenia canadensis,222,6,1,9,0,0
Cryptotaenia canadensis,222,6,1,9,0,0
Cryptotaenia canadensis,222,6,1,9,0,0
Cryptotaenia canadensis,222,6,1,9,0,0
Cryptotaenia canadensis,222,6,1,9,0,0
Cryptotaenia canadensis,222,6,1,9,0,0
Cryptotaenia canadensis,222,6,1,9,0,0
Cryptotaenia canadensis,222,6,1,9,0,0
Cryptotaenia canadensis,222,6,1,9,0,0
Cryptotaenia canadensis,217,7,1,9,5,0
Cryptotaenia canadensis,219,7,1,9,5,0
Cryptotaenia canadensis,219,7,1,9,5,0
Cryptotaenia canadensis,219,7,1,9,5,0
Cryptotaenia canadensis,219,7,1,9,5,0
Cryptotaenia canadensis,220,7,1,9,0,0
Cryptotaenia canadensis,220,7,1,9,0,0
Cryptotaenia canadensis,220,7,1,9,0,0
Cryptotaenia canadensis,220,7,1,9,0,0
Cryptotaenia canadensis,221,7,1,9,0,0
Cryptotaenia canadensis,221,7,1,9,0,0
Cryptotaenia canadensis,221,7,1,9,0,0
Cryptotaenia canadensis,221,7,1,9,0,0
Cryptotaenia canadensis,221,7,1,9,0,0
Cryptotaenia canadensis,221,7,1,9,0,0
Cryptotaenia canadensis,221,7,1,9,0,0
Cryptotaenia canadensis,222,7,1,9,0,0
Cryptotaenia canadensis,222,7,1,9,0,0
Cryptotaenia canadensis,222,7,1,9,0,0
Cryptotaenia canadensis,222,7,1,9,0,0
Cryptotaenia canadensis,222,7,1,9,0,0
Cryptotaenia canadensis,222,7,1,9,0,0
Cryptotaenia canadensis,217,9,1,9,5,0
Cryptotaenia canadensis,218,9,1,9,5,0
Cryptotaenia canadensis,219,9,1,9,5,0
Cryptotaenia canadensis,221,9,1,9,0,0
Cryptotaenia canadensis,221,9,1,9,0,0
Cryptotaenia canadensis,221,11,1,9,0,0
Cryptotaenia canadensis,223,1.00E-05,1,11,5,-1
Cryptotaenia canadensis,224,1.00E-05,1,11,5,-1
Cryptotaenia canadensis,224,1.00E-05,1,11,5,-1
Cryptotaenia canadensis,228,1.00E-05,1,11,0,-1
Hesperis matronalis,343,1.00E-05,1,11,5,-1
Hesperis matronalis,343,1.00E-05,1,11,5,-1
Hesperis matronalis,344,1.00E-05,1,11,5,-1
Hesperis matronalis,344,1.00E-05,1,11,5,-1
Hesperis matronalis,345,1.00E-05,1,11,5,-1
Hesperis matronalis,345,1.00E-05,1,11,5,-1
Hesperis matronalis,345,1.00E-05,1,11,5,-1
Hesperis matronalis,346,1.00E-05,1,11,0,-1
Hesperis matronalis,346,1.00E-05,1,11,0,-1
Hesperis matronalis,346,1.00E-05,1,11,0,-1
Hesperis matronalis,346,1.00E-05,1,11,0,-1
Hesperis matronalis,346,1.00E-05,1,11,0,-1
Hesperis matronalis,346,1.00E-05,1,11,0,-1
Hesperis matronalis,347,1.00E-05,1,11,0,-1
Hesperis matronalis,347,1.00E-05,1,11,0,-1
Hesperis matronalis,347,1.00E-05,1,11,0,-1
Hesperis matronalis,347,1.00E-05,1,11,0,-1
Hesperis matronalis,348,1.00E-05,1,11,0,-1
Hesperis matronalis,348,1.00E-05,1,11,0,-1
Hesperis matronalis,348,1.00E-05,1,11,0,-1
Hesperis matronalis,348,1.00E-05,1,11,0,-1
Hesperis matronalis,348,1.00E-05,1,11,0,-1
Cryptotaenia canadensis,224,2,1,11,5,0
Hesperis matronalis,343,2,1,11,5,0
Hesperis matronalis,343,2,1,11,5,0
Hesperis matronalis,343,2,1,11,5,0
Hesperis matronalis,343,2,1,11,5,0
Hesperis matronalis,343,2,1,11,5,0
Hesperis matronalis,343,2,1,11,5,0
Hesperis matronalis,343,2,1,11,5,0
Hesperis matronalis,343,2,1,11,5,0
Hesperis matronalis,343,2,1,11,5,0
Hesperis matronalis,343,2,1,11,5,0
Hesperis matronalis,343,2,1,11,5,0
Hesperis matronalis,343,2,1,11,5,0
Hesperis matronalis,343,2,1,11,5,0
Hesperis matronalis,343,2,1,11,5,0
Hesperis matronalis,343,2,1,11,5,0
Hesperis matronalis,343,2,1,11,5,0
Hesperis matronalis,343,2,1,11,5,0
Hesperis matronalis,344,2,1,11,5,0
Hesperis matronalis,344,2,1,11,5,0
Hesperis matronalis,344,2,1,11,5,0
Hesperis matronalis,344,2,1,11,5,0
Hesperis matronalis,344,2,1,11,5,0
Hesperis matronalis,344,2,1,11,5,0
Hesperis matronalis,344,2,1,11,5,0
Hesperis matronalis,344,2,1,11,5,0
Hesperis matronalis,344,2,1,11,5,0
Hesperis matronalis,344,2,1,11,5,0
Hesperis matronalis,344,2,1,11,5,0
Hesperis matronalis,344,2,1,11,5,0
Hesperis matronalis,344,2,1,11,5,0
Hesperis matronalis,344,2,1,11,5,0
Hesperis matronalis,344,2,1,11,5,0
Hesperis matronalis,344,2,1,11,5,0
Hesperis matronalis,344,2,1,11,5,0
Hesperis matronalis,345,2,1,11,5,0
Hesperis matronalis,345,2,1,11,5,0
Hesperis matronalis,345,2,1,11,5,0
Hesperis matronalis,345,2,1,11,5,0
Hesperis matronalis,345,2,1,11,5,0
Hesperis matronalis,345,2,1,11,5,0
Hesperis matronalis,345,2,1,11,5,0
Hesperis matronalis,345,2,1,11,5,0
Hesperis matronalis,345,2,1,11,5,0
Hesperis matronalis,345,2,1,11,5,0
Hesperis matronalis,345,2,1,11,5,0
Hesperis matronalis,345,2,1,11,5,0
Hesperis matronalis,345,2,1,11,5,0
Hesperis matronalis,345,2,1,11,5,0
Hesperis matronalis,345,2,1,11,5,0
Hesperis matronalis,345,2,1,11,5,0
Hesperis matronalis,345,2,1,11,5,0
Hesperis matronalis,345,2,1,11,5,0
Hesperis matronalis,345,2,1,11,5,0
Hesperis matronalis,346,2,1,11,0,0
Hesperis matronalis,346,2,1,11,0,0
Hesperis matronalis,346,2,1,11,0,0
Hesperis matronalis,346,2,1,11,0,0
Hesperis matronalis,346,2,1,11,0,0
Hesperis matronalis,346,2,1,11,0,0
Hesperis matronalis,346,2,1,11,0,0
Hesperis matronalis,346,2,1,11,0,0
Hesperis matronalis,346,2,1,11,0,0
Hesperis matronalis,347,2,1,11,0,0
Hesperis matronalis,347,2,1,11,0,0
Hesperis matronalis,347,2,1,11,0,0
Hesperis matronalis,347,2,1,11,0,0
Hesperis matronalis,347,2,1,11,0,0
Hesperis matronalis,347,2,1,11,0,0
Hesperis matronalis,347,2,1,11,0,0
Hesperis matronalis,347,2,1,11,0,0
Hesperis matronalis,347,2,1,11,0,0
Hesperis matronalis,347,2,1,11,0,0
Hesperis matronalis,348,2,1,11,0,0
Hesperis matronalis,348,2,1,11,0,0
Hesperis matronalis,348,2,1,11,0,0
Hesperis matronalis,348,2,1,11,0,0
Hesperis matronalis,348,2,1,11,0,0
Hesperis matronalis,348,2,1,11,0,0
Hesperis matronalis,348,2,1,11,0,0
Hesperis matronalis,348,2,1,11,0,0
Hesperis matronalis,348,2,1,11,0,0
Hesperis matronalis,348,2,1,11,0,0
Hesperis matronalis,348,2,1,11,0,0
Hesperis matronalis,348,2,1,11,0,0
Cryptotaenia canadensis,223,4,1,11,5,0
Cryptotaenia canadensis,223,4,1,11,5,0
Cryptotaenia canadensis,223,4,1,11,5,0
Cryptotaenia canadensis,223,4,1,11,5,0
Cryptotaenia canadensis,224,4,1,11,5,0
Cryptotaenia canadensis,224,4,1,11,5,0
Cryptotaenia canadensis,224,4,1,11,5,0
Cryptotaenia canadensis,224,4,1,11,5,0
Cryptotaenia canadensis,225,4,1,11,5,0
Cryptotaenia canadensis,225,4,1,11,5,0
Cryptotaenia canadensis,225,4,1,11,5,0
Cryptotaenia canadensis,225,4,1,11,5,0
Cryptotaenia canadensis,225,4,1,11,5,0
Cryptotaenia canadensis,225,4,1,11,5,0
Cryptotaenia canadensis,225,4,1,11,5,0
Cryptotaenia canadensis,225,4,1,11,5,0
Cryptotaenia canadensis,225,4,1,11,5,0
Cryptotaenia canadensis,225,4,1,11,5,0
Cryptotaenia canadensis,225,4,1,11,5,0
Cryptotaenia canadensis,225,4,1,11,5,0
Cryptotaenia canadensis,225,4,1,11,5,0
Cryptotaenia canadensis,225,4,1,11,5,0
Cryptotaenia canadensis,225,4,1,11,5,0
Cryptotaenia canadensis,225,4,1,11,5,0
Cryptotaenia canadensis,226,4,1,11,0,0
Cryptotaenia canadensis,226,4,1,11,0,0
Cryptotaenia canadensis,226,4,1,11,0,0
Cryptotaenia canadensis,226,4,1,11,0,0
Cryptotaenia canadensis,226,4,1,11,0,0
Cryptotaenia canadensis,226,4,1,11,0,0
Cryptotaenia canadensis,226,4,1,11,0,0
Cryptotaenia canadensis,226,4,1,11,0,0
Cryptotaenia canadensis,226,4,1,11,0,0
Cryptotaenia canadensis,226,4,1,11,0,0
Cryptotaenia canadensis,226,4,1,11,0,0
Cryptotaenia canadensis,227,4,1,11,0,0
Cryptotaenia canadensis,227,4,1,11,0,0
Cryptotaenia canadensis,227,4,1,11,0,0
Cryptotaenia canadensis,227,4,1,11,0,0
Cryptotaenia canadensis,227,4,1,11,0,0
Cryptotaenia canadensis,228,4,1,11,0,0
Cryptotaenia canadensis,228,4,1,11,0,0
Cryptotaenia canadensis,228,4,1,11,0,0
Cryptotaenia canadensis,228,4,1,11,0,0
Cryptotaenia canadensis,228,4,1,11,0,0
Cryptotaenia canadensis,228,4,1,11,0,0
Cryptotaenia canadensis,228,4,1,11,0,0
Cryptotaenia canadensis,228,4,1,11,0,0
Cryptotaenia canadensis,228,4,1,11,0,0
Cryptotaenia canadensis,228,4,1,11,0,0
Hesperis matronalis,346,4,1,11,0,0
Hesperis matronalis,347,4,1,11,0,0
Hesperis matronalis,347,4,1,11,0,0
Hesperis matronalis,347,4,1,11,0,0
Hesperis matronalis,347,4,1,11,0,0
Hesperis matronalis,347,4,1,11,0,0
Hesperis matronalis,348,4,1,11,0,0
Hesperis matronalis,348,4,1,11,0,0
Cryptotaenia canadensis,223,6,1,11,5,0
Cryptotaenia canadensis,223,6,1,11,5,0
Cryptotaenia canadensis,223,6,1,11,5,0
Cryptotaenia canadensis,223,6,1,11,5,0
Cryptotaenia canadensis,223,6,1,11,5,0
Cryptotaenia canadensis,223,6,1,11,5,0
Cryptotaenia canadensis,224,6,1,11,5,0
Cryptotaenia canadensis,224,6,1,11,5,0
Cryptotaenia canadensis,224,6,1,11,5,0
Cryptotaenia canadensis,224,6,1,11,5,0
Cryptotaenia canadensis,224,6,1,11,5,0
Cryptotaenia canadensis,225,6,1,11,5,0
Cryptotaenia canadensis,225,6,1,11,5,0
Cryptotaenia canadensis,226,6,1,11,0,0
Cryptotaenia canadensis,226,6,1,11,0,0
Cryptotaenia canadensis,226,6,1,11,0,0
Cryptotaenia canadensis,226,6,1,11,0,0
Cryptotaenia canadensis,226,6,1,11,0,0
Cryptotaenia canadensis,226,6,1,11,0,0
Cryptotaenia canadensis,226,6,1,11,0,0
Cryptotaenia canadensis,226,6,1,11,0,0
Cryptotaenia canadensis,226,6,1,11,0,0
Cryptotaenia canadensis,226,6,1,11,0,0
Cryptotaenia canadensis,227,6,1,11,0,0
Cryptotaenia canadensis,227,6,1,11,0,0
Cryptotaenia canadensis,227,6,1,11,0,0
Cryptotaenia canadensis,227,6,1,11,0,0
Cryptotaenia canadensis,227,6,1,11,0,0
Cryptotaenia canadensis,227,6,1,11,0,0
Cryptotaenia canadensis,227,6,1,11,0,0
Cryptotaenia canadensis,227,6,1,11,0,0
Cryptotaenia canadensis,227,6,1,11,0,0
Cryptotaenia canadensis,227,6,1,11,0,0
Cryptotaenia canadensis,227,6,1,11,0,0
Cryptotaenia canadensis,227,6,1,11,0,0
Cryptotaenia canadensis,227,6,1,11,0,0
Cryptotaenia canadensis,227,6,1,11,0,0
Cryptotaenia canadensis,228,6,1,11,0,0
Cryptotaenia canadensis,228,6,1,11,0,0
Cryptotaenia canadensis,228,6,1,11,0,0
Cryptotaenia canadensis,228,6,1,11,0,0
Cryptotaenia canadensis,223,7,1,11,5,0
Cryptotaenia canadensis,225,7,1,11,5,0
Cryptotaenia canadensis,228,7,1,11,0,0
Hesperis matronalis,343,7,1,11,5,0
Cryptotaenia canadensis,228,9,1,11,0,0
Cryptotaenia canadensis,224,11,1,11,5,0
Hesperis matronalis,347,11,1,11,0,0
Hesperis matronalis,348,16,1,11,0,0
Cryptotaenia canadensis,229,1.00E-05,1,13,5,-1
Cryptotaenia canadensis,230,1.00E-05,1,13,5,-1
Cryptotaenia canadensis,232,1.00E-05,1,13,0,-1
Cryptotaenia canadensis,232,1.00E-05,1,13,0,-1
Cryptotaenia canadensis,232,1.00E-05,1,13,0,-1
Cryptotaenia canadensis,233,1.00E-05,1,13,0,-1
Cryptotaenia canadensis,233,1.00E-05,1,13,0,-1
Cryptotaenia canadensis,233,1.00E-05,1,13,0,-1
Cryptotaenia canadensis,234,1.00E-05,1,13,0,-1
Hesperis matronalis,349,1.00E-05,1,13,5,-1
Hesperis matronalis,349,1.00E-05,1,13,5,-1
Hesperis matronalis,349,1.00E-05,1,13,5,-1
Hesperis matronalis,349,1.00E-05,1,13,5,-1
Hesperis matronalis,349,1.00E-05,1,13,5,-1
Hesperis matronalis,349,1.00E-05,1,13,5,-1
Hesperis matronalis,350,1.00E-05,1,13,5,-1
Hesperis matronalis,350,1.00E-05,1,13,5,-1
Hesperis matronalis,350,1.00E-05,1,13,5,-1
Hesperis matronalis,350,1.00E-05,1,13,5,-1
Hesperis matronalis,350,1.00E-05,1,13,5,-1
Hesperis matronalis,350,1.00E-05,1,13,5,-1
Hesperis matronalis,350,1.00E-05,1,13,5,-1
Hesperis matronalis,350,1.00E-05,1,13,5,-1
Hesperis matronalis,351,1.00E-05,1,13,5,-1
Hesperis matronalis,351,1.00E-05,1,13,5,-1
Hesperis matronalis,351,1.00E-05,1,13,5,-1
Hesperis matronalis,351,1.00E-05,1,13,5,-1
Hesperis matronalis,352,1.00E-05,1,13,0,-1
Hesperis matronalis,352,1.00E-05,1,13,0,-1
Hesperis matronalis,352,1.00E-05,1,13,0,-1
Hesperis matronalis,352,1.00E-05,1,13,0,-1
Hesperis matronalis,352,1.00E-05,1,13,0,-1
Hesperis matronalis,352,1.00E-05,1,13,0,-1
Hesperis matronalis,352,1.00E-05,1,13,0,-1
Hesperis matronalis,352,1.00E-05,1,13,0,-1
Hesperis matronalis,352,1.00E-05,1,13,0,-1
Hesperis matronalis,352,1.00E-05,1,13,0,-1
Hesperis matronalis,353,1.00E-05,1,13,0,-1
Hesperis matronalis,353,1.00E-05,1,13,0,-1
Hesperis matronalis,353,1.00E-05,1,13,0,-1
Hesperis matronalis,353,1.00E-05,1,13,0,-1
Hesperis matronalis,353,1.00E-05,1,13,0,-1
Hesperis matronalis,353,1.00E-05,1,13,0,-1
Hesperis matronalis,354,1.00E-05,1,13,0,-1
Hesperis matronalis,354,1.00E-05,1,13,0,-1
Hesperis matronalis,354,1.00E-05,1,13,0,-1
Hesperis matronalis,354,1.00E-05,1,13,0,-1
Hesperis matronalis,354,1.00E-05,1,13,0,-1
Cryptotaenia canadensis,229,2,1,13,5,0
Cryptotaenia canadensis,229,2,1,13,5,0
Cryptotaenia canadensis,229,2,1,13,5,0
Cryptotaenia canadensis,229,2,1,13,5,0
Cryptotaenia canadensis,230,2,1,13,5,0
Cryptotaenia canadensis,231,2,1,13,5,0
Cryptotaenia canadensis,231,2,1,13,5,0
Cryptotaenia canadensis,231,2,1,13,5,0
Cryptotaenia canadensis,231,2,1,13,5,0
Cryptotaenia canadensis,232,2,1,13,0,0
Cryptotaenia canadensis,233,2,1,13,0,0
Cryptotaenia canadensis,233,2,1,13,0,0
Cryptotaenia canadensis,233,2,1,13,0,0
Cryptotaenia canadensis,234,2,1,13,0,0
Cryptotaenia canadensis,234,2,1,13,0,0
Hesperis matronalis,349,2,1,13,5,0
Hesperis matronalis,349,2,1,13,5,0
Hesperis matronalis,349,2,1,13,5,0
Hesperis matronalis,349,2,1,13,5,0
Hesperis matronalis,349,2,1,13,5,0
Hesperis matronalis,349,2,1,13,5,0
Hesperis matronalis,349,2,1,13,5,0
Hesperis matronalis,349,2,1,13,5,0
Hesperis matronalis,349,2,1,13,5,0
Hesperis matronalis,349,2,1,13,5,0
Hesperis matronalis,349,2,1,13,5,0
Hesperis matronalis,350,2,1,13,5,0
Hesperis matronalis,350,2,1,13,5,0
Hesperis matronalis,350,2,1,13,5,0
Hesperis matronalis,350,2,1,13,5,0
Hesperis matronalis,350,2,1,13,5,0
Hesperis matronalis,350,2,1,13,5,0
Hesperis matronalis,350,2,1,13,5,0
Hesperis matronalis,350,2,1,13,5,0
Hesperis matronalis,350,2,1,13,5,0
Hesperis matronalis,350,2,1,13,5,0
Hesperis matronalis,351,2,1,13,5,0
Hesperis matronalis,351,2,1,13,5,0
Hesperis matronalis,351,2,1,13,5,0
Hesperis matronalis,351,2,1,13,5,0
Hesperis matronalis,351,2,1,13,5,0
Hesperis matronalis,351,2,1,13,5,0
Hesperis matronalis,351,2,1,13,5,0
Hesperis matronalis,351,2,1,13,5,0
Hesperis matronalis,351,2,1,13,5,0
Hesperis matronalis,351,2,1,13,5,0
Hesperis matronalis,351,2,1,13,5,0
Hesperis matronalis,352,2,1,13,0,0
Hesperis matronalis,352,2,1,13,0,0
Hesperis matronalis,352,2,1,13,0,0
Hesperis matronalis,352,2,1,13,0,0
Hesperis matronalis,352,2,1,13,0,0
Hesperis matronalis,352,2,1,13,0,0
Hesperis matronalis,352,2,1,13,0,0
Hesperis matronalis,352,2,1,13,0,0
Hesperis matronalis,352,2,1,13,0,0
Hesperis matronalis,353,2,1,13,0,0
Hesperis matronalis,353,2,1,13,0,0
Hesperis matronalis,353,2,1,13,0,0
Hesperis matronalis,353,2,1,13,0,0
Hesperis matronalis,353,2,1,13,0,0
Hesperis matronalis,353,2,1,13,0,0
Hesperis matronalis,353,2,1,13,0,0
Hesperis matronalis,353,2,1,13,0,0
Hesperis matronalis,353,2,1,13,0,0
Hesperis matronalis,353,2,1,13,0,0
Hesperis matronalis,353,2,1,13,0,0
Hesperis matronalis,353,2,1,13,0,0
Hesperis matronalis,354,2,1,13,0,0
Hesperis matronalis,354,2,1,13,0,0
Hesperis matronalis,354,2,1,13,0,0
Hesperis matronalis,354,2,1,13,0,0
Hesperis matronalis,354,2,1,13,0,0
Hesperis matronalis,354,2,1,13,0,0
Hesperis matronalis,354,2,1,13,0,0
Hesperis matronalis,354,2,1,13,0,0
Hesperis matronalis,354,2,1,13,0,0
Hesperis matronalis,354,2,1,13,0,0
Hesperis matronalis,354,2,1,13,0,0
Hesperis matronalis,354,2,1,13,0,0
Hesperis matronalis,354,2,1,13,0,0
Hesperis matronalis,354,2,1,13,0,0
Hesperis matronalis,354,2,1,13,0,0
Hesperis matronalis,354,2,1,13,0,0
Cryptotaenia canadensis,229,4,1,13,5,0
Cryptotaenia canadensis,229,4,1,13,5,0
Cryptotaenia canadensis,229,4,1,13,5,0
Cryptotaenia canadensis,230,4,1,13,5,0
Cryptotaenia canadensis,230,4,1,13,5,0
Cryptotaenia canadensis,230,4,1,13,5,0
Cryptotaenia canadensis,230,4,1,13,5,0
Cryptotaenia canadensis,230,4,1,13,5,0
Cryptotaenia canadensis,230,4,1,13,5,0
Cryptotaenia canadensis,230,4,1,13,5,0
Cryptotaenia canadensis,230,4,1,13,5,0
Cryptotaenia canadensis,231,4,1,13,5,0
Cryptotaenia canadensis,231,4,1,13,5,0
Cryptotaenia canadensis,231,4,1,13,5,0
Cryptotaenia canadensis,231,4,1,13,5,0
Cryptotaenia canadensis,231,4,1,13,5,0
Cryptotaenia canadensis,231,4,1,13,5,0
Cryptotaenia canadensis,231,4,1,13,5,0
Cryptotaenia canadensis,231,4,1,13,5,0
Cryptotaenia canadensis,232,4,1,13,0,0
Cryptotaenia canadensis,232,4,1,13,0,0
Cryptotaenia canadensis,232,4,1,13,0,0
Cryptotaenia canadensis,232,4,1,13,0,0
Cryptotaenia canadensis,232,4,1,13,0,0
Cryptotaenia canadensis,232,4,1,13,0,0
Cryptotaenia canadensis,232,4,1,13,0,0
Cryptotaenia canadensis,233,4,1,13,0,0
Cryptotaenia canadensis,233,4,1,13,0,0
Cryptotaenia canadensis,233,4,1,13,0,0
Cryptotaenia canadensis,233,4,1,13,0,0
Cryptotaenia canadensis,233,4,1,13,0,0
Cryptotaenia canadensis,233,4,1,13,0,0
Cryptotaenia canadensis,234,4,1,13,0,0
Cryptotaenia canadensis,234,4,1,13,0,0
Cryptotaenia canadensis,234,4,1,13,0,0
Cryptotaenia canadensis,234,4,1,13,0,0
Cryptotaenia canadensis,234,4,1,13,0,0
Cryptotaenia canadensis,234,4,1,13,0,0
Cryptotaenia canadensis,234,4,1,13,0,0
Cryptotaenia canadensis,234,4,1,13,0,0
Cryptotaenia canadensis,234,4,1,13,0,0
Cryptotaenia canadensis,234,4,1,13,0,0
Cryptotaenia canadensis,234,4,1,13,0,0
Hesperis matronalis,349,4,1,13,5,0
Hesperis matronalis,353,4,1,13,0,0
Hesperis matronalis,353,4,1,13,0,0
Cryptotaenia canadensis,229,6,1,13,5,0
Cryptotaenia canadensis,229,6,1,13,5,0
Cryptotaenia canadensis,229,6,1,13,5,0
Cryptotaenia canadensis,229,6,1,13,5,0
Cryptotaenia canadensis,229,6,1,13,5,0
Cryptotaenia canadensis,229,6,1,13,5,0
Cryptotaenia canadensis,229,6,1,13,5,0
Cryptotaenia canadensis,229,6,1,13,5,0
Cryptotaenia canadensis,229,6,1,13,5,0
Cryptotaenia canadensis,229,6,1,13,5,0
Cryptotaenia canadensis,230,6,1,13,5,0
Cryptotaenia canadensis,231,6,1,13,5,0
Cryptotaenia canadensis,231,6,1,13,5,0
Cryptotaenia canadensis,232,6,1,13,0,0
Cryptotaenia canadensis,232,6,1,13,0,0
Cryptotaenia canadensis,232,6,1,13,0,0
Cryptotaenia canadensis,232,6,1,13,0,0
Cryptotaenia canadensis,232,6,1,13,0,0
Cryptotaenia canadensis,232,6,1,13,0,0
Cryptotaenia canadensis,232,6,1,13,0,0
Cryptotaenia canadensis,232,6,1,13,0,0
Cryptotaenia canadensis,232,6,1,13,0,0
Cryptotaenia canadensis,232,6,1,13,0,0
Cryptotaenia canadensis,233,6,1,13,0,0
Cryptotaenia canadensis,233,6,1,13,0,0
Cryptotaenia canadensis,233,6,1,13,0,0
Cryptotaenia canadensis,233,6,1,13,0,0
Cryptotaenia canadensis,233,6,1,13,0,0
Cryptotaenia canadensis,233,6,1,13,0,0
Cryptotaenia canadensis,233,6,1,13,0,0
Cryptotaenia canadensis,233,6,1,13,0,0
Cryptotaenia canadensis,234,6,1,13,0,0
Cryptotaenia canadensis,234,6,1,13,0,0
Cryptotaenia canadensis,234,6,1,13,0,0
Cryptotaenia canadensis,234,6,1,13,0,0
Cryptotaenia canadensis,234,6,1,13,0,0
Cryptotaenia canadensis,234,6,1,13,0,0
Cryptotaenia canadensis,234,6,1,13,0,0
Hesperis matronalis,351,6,1,13,5,0
Hesperis matronalis,354,6,1,13,0,0
Cryptotaenia canadensis,229,7,1,13,5,0
Cryptotaenia canadensis,230,7,1,13,5,0
Cryptotaenia canadensis,231,7,1,13,5,0
Hesperis matronalis,351,25,1,13,5,0
Cryptotaenia canadensis,7,25,0,0,5,1
Cryptotaenia canadensis,7,25,0,0,5,1
Cryptotaenia canadensis,7,25,0,0,5,1
Cryptotaenia canadensis,7,25,0,0,5,1
Cryptotaenia canadensis,7,25,0,0,5,1
Cryptotaenia canadensis,7,25,0,0,5,1
Cryptotaenia canadensis,7,25,0,0,5,1
Cryptotaenia canadensis,7,25,0,0,5,1
Cryptotaenia canadensis,7,25,0,0,5,1
Cryptotaenia canadensis,7,25,0,0,5,1
Cryptotaenia canadensis,7,25,0,0,5,1
Cryptotaenia canadensis,7,25,0,0,5,1
Cryptotaenia canadensis,7,25,0,0,5,1
Cryptotaenia canadensis,7,25,0,0,5,1
Cryptotaenia canadensis,7,25,0,0,5,1
Cryptotaenia canadensis,7,25,0,0,5,1
Cryptotaenia canadensis,7,25,0,0,5,1
Cryptotaenia canadensis,7,25,0,0,5,1
Cryptotaenia canadensis,7,25,0,0,5,1
Cryptotaenia canadensis,8,25,0,0,5,1
Cryptotaenia canadensis,8,25,0,0,5,1
Cryptotaenia canadensis,8,25,0,0,5,1
Cryptotaenia canadensis,8,25,0,0,5,1
Cryptotaenia canadensis,8,25,0,0,5,1
Cryptotaenia canadensis,8,25,0,0,5,1
Cryptotaenia canadensis,8,25,0,0,5,1
Cryptotaenia canadensis,8,25,0,0,5,1
Cryptotaenia canadensis,8,25,0,0,5,1
Cryptotaenia canadensis,8,25,0,0,5,1
Cryptotaenia canadensis,8,25,0,0,5,1
Cryptotaenia canadensis,8,25,0,0,5,1
Cryptotaenia canadensis,8,25,0,0,5,1
Cryptotaenia canadensis,8,25,0,0,5,1
Cryptotaenia canadensis,8,25,0,0,5,1
Cryptotaenia canadensis,8,25,0,0,5,1
Cryptotaenia canadensis,9,25,0,0,5,1
Cryptotaenia canadensis,9,25,0,0,5,1
Cryptotaenia canadensis,9,25,0,0,5,1
Cryptotaenia canadensis,9,25,0,0,5,1
Cryptotaenia canadensis,9,25,0,0,5,1
Cryptotaenia canadensis,9,25,0,0,5,1
Cryptotaenia canadensis,9,25,0,0,5,1
Cryptotaenia canadensis,9,25,0,0,5,1
Cryptotaenia canadensis,9,25,0,0,5,1
Cryptotaenia canadensis,9,25,0,0,5,1
Cryptotaenia canadensis,9,25,0,0,5,1
Cryptotaenia canadensis,9,25,0,0,5,1
Cryptotaenia canadensis,9,25,0,0,5,1
Cryptotaenia canadensis,9,25,0,0,5,1
Cryptotaenia canadensis,10,25,0,0,0,1
Cryptotaenia canadensis,10,25,0,0,0,1
Cryptotaenia canadensis,10,25,0,0,0,1
Cryptotaenia canadensis,10,25,0,0,0,1
Cryptotaenia canadensis,10,25,0,0,0,1
Cryptotaenia canadensis,10,25,0,0,0,1
Cryptotaenia canadensis,10,25,0,0,0,1
Cryptotaenia canadensis,10,25,0,0,0,1
Cryptotaenia canadensis,10,25,0,0,0,1
Cryptotaenia canadensis,10,25,0,0,0,1
Cryptotaenia canadensis,10,25,0,0,0,1
Cryptotaenia canadensis,10,25,0,0,0,1
Cryptotaenia canadensis,10,25,0,0,0,1
Cryptotaenia canadensis,10,25,0,0,0,1
Cryptotaenia canadensis,10,25,0,0,0,1
Cryptotaenia canadensis,10,25,0,0,0,1
Cryptotaenia canadensis,10,25,0,0,0,1
Cryptotaenia canadensis,10,25,0,0,0,1
Cryptotaenia canadensis,10,25,0,0,0,1
Cryptotaenia canadensis,11,25,0,0,0,1
Cryptotaenia canadensis,11,25,0,0,0,1
Cryptotaenia canadensis,11,25,0,0,0,1
Cryptotaenia canadensis,11,25,0,0,0,1
Cryptotaenia canadensis,11,25,0,0,0,1
Cryptotaenia canadensis,11,25,0,0,0,1
Cryptotaenia canadensis,11,25,0,0,0,1
Cryptotaenia canadensis,11,25,0,0,0,1
Cryptotaenia canadensis,11,25,0,0,0,1
Cryptotaenia canadensis,11,25,0,0,0,1
Cryptotaenia canadensis,11,25,0,0,0,1
Cryptotaenia canadensis,11,25,0,0,0,1
Cryptotaenia canadensis,11,25,0,0,0,1
Cryptotaenia canadensis,11,25,0,0,0,1
Cryptotaenia canadensis,11,25,0,0,0,1
Cryptotaenia canadensis,11,25,0,0,0,1
Cryptotaenia canadensis,11,25,0,0,0,1
Cryptotaenia canadensis,11,25,0,0,0,1
Cryptotaenia canadensis,11,25,0,0,0,1
Cryptotaenia canadensis,12,25,0,0,0,1
Cryptotaenia canadensis,12,25,0,0,0,1
Cryptotaenia canadensis,12,25,0,0,0,1
Cryptotaenia canadensis,12,25,0,0,0,1
Cryptotaenia canadensis,12,25,0,0,0,1
Cryptotaenia canadensis,12,25,0,0,0,1
Cryptotaenia canadensis,12,25,0,0,0,1
Cryptotaenia canadensis,12,25,0,0,0,1
Cryptotaenia canadensis,12,25,0,0,0,1
Cryptotaenia canadensis,12,25,0,0,0,1
Cryptotaenia canadensis,12,25,0,0,0,1
Cryptotaenia canadensis,12,25,0,0,0,1
Cryptotaenia canadensis,12,25,0,0,0,1
Cryptotaenia canadensis,12,25,0,0,0,1
Cryptotaenia canadensis,12,25,0,0,0,1
Cryptotaenia canadensis,12,25,0,0,0,1
Cryptotaenia canadensis,12,25,0,0,0,1
Cryptotaenia canadensis,12,25,0,0,0,1
Hesperis matronalis,13,25,0,0,5,1
Hesperis matronalis,13,25,0,0,5,1
Hesperis matronalis,13,25,0,0,5,1
Hesperis matronalis,14,25,0,0,5,1
Hesperis matronalis,14,25,0,0,5,1
Hesperis matronalis,14,25,0,0,5,1
Hesperis matronalis,14,25,0,0,5,1
Hesperis matronalis,15,25,0,0,5,1
Hesperis matronalis,15,25,0,0,5,1
Hesperis matronalis,15,25,0,0,5,1
Hesperis matronalis,15,25,0,0,5,1
Hesperis matronalis,16,25,0,0,0,1
Hesperis matronalis,16,25,0,0,0,1
Hesperis matronalis,16,25,0,0,0,1
Hesperis matronalis,16,25,0,0,0,1
Hesperis matronalis,16,25,0,0,0,1
Hesperis matronalis,16,25,0,0,0,1
Hesperis matronalis,16,25,0,0,0,1
Hesperis matronalis,16,25,0,0,0,1
Hesperis matronalis,17,25,0,0,0,1
Hesperis matronalis,17,25,0,0,0,1
Hesperis matronalis,17,25,0,0,0,1
Hesperis matronalis,18,25,0,0,0,1
Hesperis matronalis,18,25,0,0,0,1
Hesperis matronalis,18,25,0,0,0,1
Hesperis matronalis,18,25,0,0,0,1
Cryptotaenia canadensis,181,25,0,2,0,1
Cryptotaenia canadensis,181,25,0,2,0,1
Cryptotaenia canadensis,181,25,0,2,0,1
Cryptotaenia canadensis,181,25,0,2,0,1
Cryptotaenia canadensis,181,25,0,2,0,1
Cryptotaenia canadensis,181,25,0,2,0,1
Cryptotaenia canadensis,181,25,0,2,0,1
Cryptotaenia canadensis,181,25,0,2,0,1
Cryptotaenia canadensis,181,25,0,2,0,1
Cryptotaenia canadensis,181,25,0,2,0,1
Cryptotaenia canadensis,181,25,0,2,0,1
Cryptotaenia canadensis,181,25,0,2,0,1
Cryptotaenia canadensis,181,25,0,2,0,1
Cryptotaenia canadensis,181,25,0,2,0,1
Cryptotaenia canadensis,181,25,0,2,0,1
Cryptotaenia canadensis,181,25,0,2,0,1
Cryptotaenia canadensis,182,25,0,2,0,1
Cryptotaenia canadensis,182,25,0,2,0,1
Cryptotaenia canadensis,182,25,0,2,0,1
Cryptotaenia canadensis,182,25,0,2,0,1
Cryptotaenia canadensis,182,25,0,2,0,1
Cryptotaenia canadensis,182,25,0,2,0,1
Cryptotaenia canadensis,182,25,0,2,0,1
Cryptotaenia canadensis,182,25,0,2,0,1
Cryptotaenia canadensis,182,25,0,2,0,1
Cryptotaenia canadensis,182,25,0,2,0,1
Cryptotaenia canadensis,182,25,0,2,0,1
Cryptotaenia canadensis,182,25,0,2,0,1
Cryptotaenia canadensis,182,25,0,2,0,1
Cryptotaenia canadensis,182,25,0,2,0,1
Cryptotaenia canadensis,182,25,0,2,0,1
Cryptotaenia canadensis,182,25,0,2,0,1
Cryptotaenia canadensis,183,25,0,2,0,1
Cryptotaenia canadensis,183,25,0,2,0,1
Cryptotaenia canadensis,183,25,0,2,0,1
Cryptotaenia canadensis,183,25,0,2,0,1
Cryptotaenia canadensis,183,25,0,2,0,1
Cryptotaenia canadensis,183,25,0,2,0,1
Cryptotaenia canadensis,183,25,0,2,0,1
Cryptotaenia canadensis,183,25,0,2,0,1
Cryptotaenia canadensis,183,25,0,2,0,1
Cryptotaenia canadensis,183,25,0,2,0,1
Cryptotaenia canadensis,183,25,0,2,0,1
Cryptotaenia canadensis,184,25,0,2,5,1
Cryptotaenia canadensis,184,25,0,2,5,1
Cryptotaenia canadensis,184,25,0,2,5,1
Cryptotaenia canadensis,184,25,0,2,5,1
Cryptotaenia canadensis,184,25,0,2,5,1
Cryptotaenia canadensis,184,25,0,2,5,1
Cryptotaenia canadensis,184,25,0,2,5,1
Cryptotaenia canadensis,184,25,0,2,5,1
Cryptotaenia canadensis,184,25,0,2,5,1
Cryptotaenia canadensis,184,25,0,2,5,1
Cryptotaenia canadensis,184,25,0,2,5,1
Cryptotaenia canadensis,184,25,0,2,5,1
Cryptotaenia canadensis,184,25,0,2,5,1
Cryptotaenia canadensis,184,25,0,2,5,1
Cryptotaenia canadensis,184,25,0,2,5,1
Cryptotaenia canadensis,184,25,0,2,5,1
Cryptotaenia canadensis,184,25,0,2,5,1
Cryptotaenia canadensis,184,25,0,2,5,1
Cryptotaenia canadensis,184,25,0,2,5,1
Cryptotaenia canadensis,185,25,0,2,5,1
Cryptotaenia canadensis,185,25,0,2,5,1
Cryptotaenia canadensis,185,25,0,2,5,1
Cryptotaenia canadensis,185,25,0,2,5,1
Cryptotaenia canadensis,185,25,0,2,5,1
Cryptotaenia canadensis,185,25,0,2,5,1
Cryptotaenia canadensis,185,25,0,2,5,1
Cryptotaenia canadensis,185,25,0,2,5,1
Cryptotaenia canadensis,185,25,0,2,5,1
Cryptotaenia canadensis,185,25,0,2,5,1
Cryptotaenia canadensis,185,25,0,2,5,1
Cryptotaenia canadensis,185,25,0,2,5,1
Cryptotaenia canadensis,185,25,0,2,5,1
Cryptotaenia canadensis,185,25,0,2,5,1
Cryptotaenia canadensis,185,25,0,2,5,1
Cryptotaenia canadensis,185,25,0,2,5,1
Cryptotaenia canadensis,185,25,0,2,5,1
Cryptotaenia canadensis,185,25,0,2,5,1
Cryptotaenia canadensis,185,25,0,2,5,1
Cryptotaenia canadensis,186,25,0,2,5,1
Cryptotaenia canadensis,186,25,0,2,5,1
Cryptotaenia canadensis,186,25,0,2,5,1
Cryptotaenia canadensis,186,25,0,2,5,1
Cryptotaenia canadensis,186,25,0,2,5,1
Cryptotaenia canadensis,186,25,0,2,5,1
Cryptotaenia canadensis,186,25,0,2,5,1
Cryptotaenia canadensis,186,25,0,2,5,1
Cryptotaenia canadensis,186,25,0,2,5,1
Cryptotaenia canadensis,186,25,0,2,5,1
Cryptotaenia canadensis,186,25,0,2,5,1
Cryptotaenia canadensis,186,25,0,2,5,1
Cryptotaenia canadensis,186,25,0,2,5,1
Cryptotaenia canadensis,186,25,0,2,5,1
Cryptotaenia canadensis,186,25,0,2,5,1
Cryptotaenia canadensis,186,25,0,2,5,1
Cryptotaenia canadensis,186,25,0,2,5,1
Cryptotaenia canadensis,186,25,0,2,5,1
Hesperis matronalis,301,25,0,2,0,1
Hesperis matronalis,301,25,0,2,0,1
Hesperis matronalis,301,25,0,2,0,1
Hesperis matronalis,301,25,0,2,0,1
Hesperis matronalis,302,25,0,2,0,1
Hesperis matronalis,302,25,0,2,0,1
Hesperis matronalis,303,25,0,2,0,1
Hesperis matronalis,303,25,0,2,0,1
Cryptotaenia canadensis,187,25,0,4,0,1
Cryptotaenia canadensis,188,25,0,4,0,1
Cryptotaenia canadensis,188,25,0,4,0,1
Cryptotaenia canadensis,188,25,0,4,0,1
Cryptotaenia canadensis,188,25,0,4,0,1
Cryptotaenia canadensis,188,25,0,4,0,1
Cryptotaenia canadensis,188,25,0,4,0,1
Cryptotaenia canadensis,188,25,0,4,0,1
Cryptotaenia canadensis,188,25,0,4,0,1
Cryptotaenia canadensis,188,25,0,4,0,1
Cryptotaenia canadensis,188,25,0,4,0,1
Cryptotaenia canadensis,188,25,0,4,0,1
Cryptotaenia canadensis,188,25,0,4,0,1
Cryptotaenia canadensis,188,25,0,4,0,1
Cryptotaenia canadensis,188,25,0,4,0,1
Cryptotaenia canadensis,189,25,0,4,0,1
Cryptotaenia canadensis,189,25,0,4,0,1
Cryptotaenia canadensis,189,25,0,4,0,1
Cryptotaenia canadensis,189,25,0,4,0,1
Cryptotaenia canadensis,189,25,0,4,0,1
Cryptotaenia canadensis,189,25,0,4,0,1
Cryptotaenia canadensis,189,25,0,4,0,1
Cryptotaenia canadensis,189,25,0,4,0,1
Cryptotaenia canadensis,189,25,0,4,0,1
Cryptotaenia canadensis,189,25,0,4,0,1
Cryptotaenia canadensis,190,25,0,4,5,1
Cryptotaenia canadensis,190,25,0,4,5,1
Cryptotaenia canadensis,190,25,0,4,5,1
Cryptotaenia canadensis,190,25,0,4,5,1
Cryptotaenia canadensis,190,25,0,4,5,1
Cryptotaenia canadensis,190,25,0,4,5,1
Cryptotaenia canadensis,190,25,0,4,5,1
Cryptotaenia canadensis,190,25,0,4,5,1
Cryptotaenia canadensis,190,25,0,4,5,1
Cryptotaenia canadensis,190,25,0,4,5,1
Cryptotaenia canadensis,190,25,0,4,5,1
Cryptotaenia canadensis,190,25,0,4,5,1
Cryptotaenia canadensis,190,25,0,4,5,1
Cryptotaenia canadensis,190,25,0,4,5,1
Cryptotaenia canadensis,190,25,0,4,5,1
Cryptotaenia canadensis,191,25,0,4,5,1
Cryptotaenia canadensis,191,25,0,4,5,1
Cryptotaenia canadensis,191,25,0,4,5,1
Cryptotaenia canadensis,191,25,0,4,5,1
Cryptotaenia canadensis,191,25,0,4,5,1
Cryptotaenia canadensis,191,25,0,4,5,1
Cryptotaenia canadensis,191,25,0,4,5,1
Cryptotaenia canadensis,191,25,0,4,5,1
Cryptotaenia canadensis,191,25,0,4,5,1
Cryptotaenia canadensis,191,25,0,4,5,1
Cryptotaenia canadensis,191,25,0,4,5,1
Cryptotaenia canadensis,191,25,0,4,5,1
Cryptotaenia canadensis,191,25,0,4,5,1
Cryptotaenia canadensis,191,25,0,4,5,1
Cryptotaenia canadensis,191,25,0,4,5,1
Cryptotaenia canadensis,192,25,0,4,5,1
Cryptotaenia canadensis,192,25,0,4,5,1
Cryptotaenia canadensis,192,25,0,4,5,1
Cryptotaenia canadensis,192,25,0,4,5,1
Cryptotaenia canadensis,192,25,0,4,5,1
Cryptotaenia canadensis,192,25,0,4,5,1
Cryptotaenia canadensis,192,25,0,4,5,1
Cryptotaenia canadensis,192,25,0,4,5,1
Cryptotaenia canadensis,192,25,0,4,5,1
Cryptotaenia canadensis,192,25,0,4,5,1
Cryptotaenia canadensis,192,25,0,4,5,1
Cryptotaenia canadensis,192,25,0,4,5,1
Cryptotaenia canadensis,192,25,0,4,5,1
Cryptotaenia canadensis,192,25,0,4,5,1
Cryptotaenia canadensis,192,25,0,4,5,1
Hesperis matronalis,307,25,0,4,0,1
Hesperis matronalis,307,25,0,4,0,1
Hesperis matronalis,308,25,0,4,0,1
Hesperis matronalis,308,25,0,4,0,1
Hesperis matronalis,309,25,0,4,0,1
Hesperis matronalis,309,25,0,4,0,1
Hesperis matronalis,309,25,0,4,0,1
Hesperis matronalis,309,25,0,4,0,1
Hesperis matronalis,309,25,0,4,0,1
Hesperis matronalis,309,25,0,4,0,1
Cryptotaenia canadensis,193,25,0,5,0,1
Cryptotaenia canadensis,193,25,0,5,0,1
Cryptotaenia canadensis,193,25,0,5,0,1
Cryptotaenia canadensis,193,25,0,5,0,1
Cryptotaenia canadensis,193,25,0,5,0,1
Cryptotaenia canadensis,194,25,0,5,0,1
Cryptotaenia canadensis,194,25,0,5,0,1
Cryptotaenia canadensis,194,25,0,5,0,1
Cryptotaenia canadensis,194,25,0,5,0,1
Cryptotaenia canadensis,196,25,0,5,5,1
Cryptotaenia canadensis,196,25,0,5,5,1
Cryptotaenia canadensis,196,25,0,5,5,1
Cryptotaenia canadensis,196,25,0,5,5,1
Cryptotaenia canadensis,196,25,0,5,5,1
Cryptotaenia canadensis,196,25,0,5,5,1
Cryptotaenia canadensis,196,25,0,5,5,1
Cryptotaenia canadensis,196,25,0,5,5,1
Cryptotaenia canadensis,196,25,0,5,5,1
Cryptotaenia canadensis,196,25,0,5,5,1
Cryptotaenia canadensis,196,25,0,5,5,1
Cryptotaenia canadensis,196,25,0,5,5,1
Cryptotaenia canadensis,196,25,0,5,5,1
Cryptotaenia canadensis,196,25,0,5,5,1
Cryptotaenia canadensis,196,25,0,5,5,1
Cryptotaenia canadensis,196,25,0,5,5,1
Cryptotaenia canadensis,197,25,0,5,5,1
Cryptotaenia canadensis,197,25,0,5,5,1
Cryptotaenia canadensis,197,25,0,5,5,1
Cryptotaenia canadensis,197,25,0,5,5,1
Cryptotaenia canadensis,197,25,0,5,5,1
Cryptotaenia canadensis,197,25,0,5,5,1
Cryptotaenia canadensis,197,25,0,5,5,1
Cryptotaenia canadensis,197,25,0,5,5,1
Cryptotaenia canadensis,197,25,0,5,5,1
Cryptotaenia canadensis,197,25,0,5,5,1
Cryptotaenia canadensis,197,25,0,5,5,1
Cryptotaenia canadensis,197,25,0,5,5,1
Cryptotaenia canadensis,197,25,0,5,5,1
Cryptotaenia canadensis,197,25,0,5,5,1
Cryptotaenia canadensis,197,25,0,5,5,1
Cryptotaenia canadensis,197,25,0,5,5,1
Cryptotaenia canadensis,197,25,0,5,5,1
Cryptotaenia canadensis,198,25,0,5,5,1
Cryptotaenia canadensis,198,25,0,5,5,1
Cryptotaenia canadensis,198,25,0,5,5,1
Hesperis matronalis,314,25,0,5,0,1
Hesperis matronalis,314,25,0,5,0,1
Hesperis matronalis,314,25,0,5,0,1
Hesperis matronalis,314,25,0,5,0,1
Hesperis matronalis,315,25,0,5,0,1
Hesperis matronalis,315,25,0,5,0,1
Cryptotaenia canadensis,199,25,0,6,5,1
Cryptotaenia canadensis,199,25,0,6,5,1
Cryptotaenia canadensis,199,25,0,6,5,1
Cryptotaenia canadensis,199,25,0,6,5,1
Cryptotaenia canadensis,199,25,0,6,5,1
Cryptotaenia canadensis,199,25,0,6,5,1
Cryptotaenia canadensis,199,25,0,6,5,1
Cryptotaenia canadensis,199,25,0,6,5,1
Cryptotaenia canadensis,199,25,0,6,5,1
Cryptotaenia canadensis,199,25,0,6,5,1
Cryptotaenia canadensis,199,25,0,6,5,1
Cryptotaenia canadensis,200,25,0,6,5,1
Cryptotaenia canadensis,200,25,0,6,5,1
Cryptotaenia canadensis,200,25,0,6,5,1
Cryptotaenia canadensis,200,25,0,6,5,1
Cryptotaenia canadensis,200,25,0,6,5,1
Cryptotaenia canadensis,200,25,0,6,5,1
Cryptotaenia canadensis,200,25,0,6,5,1
Cryptotaenia canadensis,200,25,0,6,5,1
Cryptotaenia canadensis,200,25,0,6,5,1
Cryptotaenia canadensis,200,25,0,6,5,1
Cryptotaenia canadensis,200,25,0,6,5,1
Cryptotaenia canadensis,200,25,0,6,5,1
Cryptotaenia canadensis,200,25,0,6,5,1
Cryptotaenia canadensis,201,25,0,6,5,1
Cryptotaenia canadensis,201,25,0,6,5,1
Cryptotaenia canadensis,201,25,0,6,5,1
Cryptotaenia canadensis,201,25,0,6,5,1
Cryptotaenia canadensis,201,25,0,6,5,1
Cryptotaenia canadensis,201,25,0,6,5,1
Cryptotaenia canadensis,201,25,0,6,5,1
Cryptotaenia canadensis,201,25,0,6,5,1
Cryptotaenia canadensis,201,25,0,6,5,1
Cryptotaenia canadensis,201,25,0,6,5,1
Cryptotaenia canadensis,201,25,0,6,5,1
Cryptotaenia canadensis,201,25,0,6,5,1
Cryptotaenia canadensis,201,25,0,6,5,1
Cryptotaenia canadensis,201,25,0,6,5,1
Cryptotaenia canadensis,201,25,0,6,5,1
Cryptotaenia canadensis,201,25,0,6,5,1
Cryptotaenia canadensis,201,25,0,6,5,1
Cryptotaenia canadensis,201,25,0,6,5,1
Cryptotaenia canadensis,201,25,0,6,5,1
Cryptotaenia canadensis,202,25,0,6,0,1
Cryptotaenia canadensis,202,25,0,6,0,1
Cryptotaenia canadensis,202,25,0,6,0,1
Cryptotaenia canadensis,202,25,0,6,0,1
Cryptotaenia canadensis,202,25,0,6,0,1
Cryptotaenia canadensis,202,25,0,6,0,1
Cryptotaenia canadensis,203,25,0,6,0,1
Cryptotaenia canadensis,203,25,0,6,0,1
Cryptotaenia canadensis,203,25,0,6,0,1
Cryptotaenia canadensis,203,25,0,6,0,1
Cryptotaenia canadensis,203,25,0,6,0,1
Cryptotaenia canadensis,204,25,0,6,0,1
Cryptotaenia canadensis,204,25,0,6,0,1
Cryptotaenia canadensis,204,25,0,6,0,1
Cryptotaenia canadensis,204,25,0,6,0,1
Hesperis matronalis,324,25,0,6,0,1
Cryptotaenia canadensis,205,25,0,7,5,1
Cryptotaenia canadensis,205,25,0,7,5,1
Cryptotaenia canadensis,205,25,0,7,5,1
Cryptotaenia canadensis,205,25,0,7,5,1
Cryptotaenia canadensis,205,25,0,7,5,1
Cryptotaenia canadensis,205,25,0,7,5,1
Cryptotaenia canadensis,205,25,0,7,5,1
Cryptotaenia canadensis,206,25,0,7,5,1
Cryptotaenia canadensis,206,25,0,7,5,1
Cryptotaenia canadensis,206,25,0,7,5,1
Cryptotaenia canadensis,206,25,0,7,5,1
Cryptotaenia canadensis,206,25,0,7,5,1
Cryptotaenia canadensis,206,25,0,7,5,1
Cryptotaenia canadensis,206,25,0,7,5,1
Cryptotaenia canadensis,207,25,0,7,5,1
Cryptotaenia canadensis,207,25,0,7,5,1
Cryptotaenia canadensis,207,25,0,7,5,1
Cryptotaenia canadensis,207,25,0,7,5,1
Cryptotaenia canadensis,207,25,0,7,5,1
Cryptotaenia canadensis,207,25,0,7,5,1
Cryptotaenia canadensis,207,25,0,7,5,1
Cryptotaenia canadensis,207,25,0,7,5,1
Cryptotaenia canadensis,207,25,0,7,5,1
Cryptotaenia canadensis,208,25,0,7,0,1
Hesperis matronalis,325,25,0,7,5,1
Hesperis matronalis,326,25,0,7,5,1
Hesperis matronalis,326,25,0,7,5,1
Cryptotaenia canadensis,211,25,0,8,5,1
Cryptotaenia canadensis,211,25,0,8,5,1
Cryptotaenia canadensis,211,25,0,8,5,1
Cryptotaenia canadensis,211,25,0,8,5,1
Cryptotaenia canadensis,211,25,0,8,5,1
Cryptotaenia canadensis,211,25,0,8,5,1
Cryptotaenia canadensis,211,25,0,8,5,1
Cryptotaenia canadensis,211,25,0,8,5,1
Cryptotaenia canadensis,211,25,0,8,5,1
Cryptotaenia canadensis,211,25,0,8,5,1
Cryptotaenia canadensis,212,25,0,8,5,1
Cryptotaenia canadensis,212,25,0,8,5,1
Cryptotaenia canadensis,212,25,0,8,5,1
Cryptotaenia canadensis,212,25,0,8,5,1
Cryptotaenia canadensis,212,25,0,8,5,1
Cryptotaenia canadensis,212,25,0,8,5,1
Cryptotaenia canadensis,212,25,0,8,5,1
Cryptotaenia canadensis,213,25,0,8,5,1
Cryptotaenia canadensis,213,25,0,8,5,1
Cryptotaenia canadensis,213,25,0,8,5,1
Cryptotaenia canadensis,213,25,0,8,5,1
Cryptotaenia canadensis,213,25,0,8,5,1
Cryptotaenia canadensis,213,25,0,8,5,1
Cryptotaenia canadensis,213,25,0,8,5,1
Cryptotaenia canadensis,213,25,0,8,5,1
Cryptotaenia canadensis,213,25,0,8,5,1
Cryptotaenia canadensis,213,25,0,8,5,1
Cryptotaenia canadensis,213,25,0,8,5,1
Cryptotaenia canadensis,213,25,0,8,5,1
Cryptotaenia canadensis,213,25,0,8,5,1
Cryptotaenia canadensis,215,25,0,8,0,1
Cryptotaenia canadensis,215,25,0,8,0,1
Hesperis matronalis,335,25,0,8,0,1
Hesperis matronalis,335,25,0,8,0,1
Cryptotaenia canadensis,217,25,0,9,5,1
Cryptotaenia canadensis,217,25,0,9,5,1
Cryptotaenia canadensis,217,25,0,9,5,1
Cryptotaenia canadensis,217,25,0,9,5,1
Cryptotaenia canadensis,217,25,0,9,5,1
Cryptotaenia canadensis,217,25,0,9,5,1
Cryptotaenia canadensis,217,25,0,9,5,1
Cryptotaenia canadensis,218,25,0,9,5,1
Cryptotaenia canadensis,218,25,0,9,5,1
Cryptotaenia canadensis,218,25,0,9,5,1
Cryptotaenia canadensis,218,25,0,9,5,1
Cryptotaenia canadensis,218,25,0,9,5,1
Cryptotaenia canadensis,218,25,0,9,5,1
Cryptotaenia canadensis,218,25,0,9,5,1
Cryptotaenia canadensis,218,25,0,9,5,1
Cryptotaenia canadensis,219,25,0,9,5,1
Cryptotaenia canadensis,219,25,0,9,5,1
Cryptotaenia canadensis,219,25,0,9,5,1
Cryptotaenia canadensis,219,25,0,9,5,1
Cryptotaenia canadensis,219,25,0,9,5,1
Cryptotaenia canadensis,219,25,0,9,5,1
Cryptotaenia canadensis,219,25,0,9,5,1
Hesperis matronalis,340,25,0,9,0,1
Hesperis matronalis,340,25,0,9,0,1
Hesperis matronalis,340,25,0,9,0,1
Hesperis matronalis,342,25,0,9,0,1
Cryptotaenia canadensis,223,25,0,11,5,1
Cryptotaenia canadensis,223,25,0,11,5,1
Cryptotaenia canadensis,223,25,0,11,5,1
Cryptotaenia canadensis,223,25,0,11,5,1
Cryptotaenia canadensis,223,25,0,11,5,1
Cryptotaenia canadensis,223,25,0,11,5,1
Cryptotaenia canadensis,223,25,0,11,5,1
Cryptotaenia canadensis,223,25,0,11,5,1
Cryptotaenia canadensis,224,25,0,11,5,1
Cryptotaenia canadensis,224,25,0,11,5,1
Cryptotaenia canadensis,224,25,0,11,5,1
Cryptotaenia canadensis,224,25,0,11,5,1
Cryptotaenia canadensis,224,25,0,11,5,1
Cryptotaenia canadensis,224,25,0,11,5,1
Cryptotaenia canadensis,225,25,0,11,5,1
Cryptotaenia canadensis,228,25,0,11,0,1
Cryptotaenia canadensis,228,25,0,11,0,1
Hesperis matronalis,344,25,0,11,5,1
Hesperis matronalis,346,25,0,11,0,1
Hesperis matronalis,347,25,0,11,0,1
Hesperis matronalis,347,25,0,11,0,1
Hesperis matronalis,348,25,0,11,0,1
Cryptotaenia canadensis,229,25,0,13,5,1
Cryptotaenia canadensis,229,25,0,13,5,1
Cryptotaenia canadensis,230,25,0,13,5,1
Cryptotaenia canadensis,230,25,0,13,5,1
Cryptotaenia canadensis,230,25,0,13,5,1
Cryptotaenia canadensis,230,25,0,13,5,1
Cryptotaenia canadensis,230,25,0,13,5,1
Cryptotaenia canadensis,230,25,0,13,5,1
Cryptotaenia canadensis,230,25,0,13,5,1
Cryptotaenia canadensis,231,25,0,13,5,1
Cryptotaenia canadensis,231,25,0,13,5,1
Cryptotaenia canadensis,231,25,0,13,5,1
Cryptotaenia canadensis,231,25,0,13,5,1
Cryptotaenia canadensis,231,25,0,13,5,1
Hesperis matronalis,349,25,0,13,5,1
Hesperis matronalis,349,25,0,13,5,1
Hesperis matronalis,350,25,0,13,5,1
Hesperis matronalis,350,25,0,13,5,1
Hesperis matronalis,352,25,0,13,0,1
Hesperis matronalis,352,25,0,13,0,1
Hesperis matronalis,353,25,0,13,0,1
Hesperis matronalis,353,25,0,13,0,1